Workbook

Sheet Dashboard
B1: DRA MEETING | CUDDALORE DISTRICT | O1: Report period
B2: Application disposal review: NISD, ISD and F-Line (Rural, Natham, Urban). Everything on this sheet is calculated from the data sheets. | O2: 1 to 30 September 2026
B4: Applications handled | E4: Disposed | J4: Pending | N4: Pending beyond time limit
B5: =SUM(Calc!B3:B11) -> 25422 | E5: =IFERROR(SUM(Calc!C3:C11)/SUM(Calc!B3:B11),0) -> 0.60207694 | J5: =SUM(Calc!D3:D11) -> 10116 | N5: =SUM(Calc!F3:F11) -> 1564
B6: ="all 9 streams combined" -> all 9 streams combined | E6: =TEXT(SUM(Calc!C3:C11),"#,##0")&" of "&TEXT(SUM(Calc!B3:B11),"#,##0") -> 15,306 of 25,422 | J6: =TEXT(IFERROR(SUM(Calc!D3:D11)/SUM(Calc!B3:B11),0),"0%")&" of workload" -> 40% of workload | N6: ="NISD 15 days; ISD, F-Line 1 month" -> NISD 15 days; ISD, F-Line 1 month
B8: 1. Disposal by application stream (worst to best) | I8: 2. Taluk-wise disposal % by stream (taluks ranked worst to best)
B9: Stream | C9: Total | D9: Disposed | E9: Pending | F9: Disposal % | G9: Beyond limit | I9: Rank | J9: Taluk | K9: NISD Rural | L9: NISD Natham | M9: ISD Rural | N9: ISD Natham | O9: F-Line Rural | P9: F-Line Natham | Q9: Pending % (6 streams) | R9: Pending count
B10: =INDEX(Calc!$A$3:$A$11,MATCH(SMALL(Calc!$H$3:$H$11,1),Calc!$H$3:$H$11,0)) -> F-Line Urban | C10: =INDEX(Calc!$B$3:$B$11,MATCH(SMALL(Calc!$H$3:$H$11,1),Calc!$H$3:$H$11,0)) -> 182 | D10: =INDEX(Calc!$C$3:$C$11,MATCH(SMALL(Calc!$H$3:$H$11,1),Calc!$H$3:$H$11,0)) -> 64 | E10: =INDEX(Calc!$D$3:$D$11,MATCH(SMALL(Calc!$H$3:$H$11,1),Calc!$H$3:$H$11,0)) -> 118 | F10: =INDEX(Calc!$G$3:$G$11,MATCH(SMALL(Calc!$H$3:$H$11,1),Calc!$H$3:$H$11,0)) -> 0.35164835 | G10: =INDEX(Calc!$F$3:$F$11,MATCH(SMALL(Calc!$H$3:$H$11,1),Calc!$H$3:$H$11,0)) -> 40 | I10: 1 | J10: =INDEX(Calc!$A$15:$A$24,MATCH(LARGE(Calc!$Q$15:$Q$24,1),Calc!$Q$15:$Q$24,0)) -> Kattumannarkoil | K10: =INDEX(Calc!$R$15:$R$24,MATCH(LARGE(Calc!$Q$15:$Q$24,1),Calc!$Q$15:$Q$24,0)) -> 0.78061224 | L10: =INDEX(Calc!$S$15:$S$24,MATCH(LARGE(Calc!$Q$15:$Q$24,1),Calc!$Q$15:$Q$24,0)) -> 0.71551724 | M10: =INDEX(Calc!$T$15:$T$24,MATCH(LARGE(Calc!$Q$15:$Q$24,1),Calc!$Q$15:$Q$24,0)) -> 0.50290698 | N10: =INDEX(Calc!$U$15:$U$24,MATCH(LARGE(Calc!$Q$15:$Q$24,1),Calc!$Q$15:$Q$24,0)) -> 0.44 | O10: =INDEX(Calc!$V$15:$V$24,MATCH(LARGE(Calc!$Q$15:$Q$24,1),Calc!$Q$15:$Q$24,0)) -> 0.359447 | P10: =INDEX(Calc!$W$15:$W$24,MATCH(LARGE(Calc!$Q$15:$Q$24,1),Calc!$Q$15:$Q$24,0)) -> 0.36507937 | Q10: =INDEX(Calc!$P$15:$P$24,MATCH(LARGE(Calc!$Q$15:$Q$24,1),Calc!$Q$15:$Q$24,0)) -> 0.4197901 | R10: =INDEX(Calc!$O$15:$O$24,MATCH(LARGE(Calc!$Q$15:$Q$24,1),Calc!$Q$15:$Q$24,0)) -> 840
B11: =INDEX(Calc!$A$3:$A$11,MATCH(SMALL(Calc!$H$3:$H$11,2),Calc!$H$3:$H$11,0)) -> F-Line Natham | C11: =INDEX(Calc!$B$3:$B$11,MATCH(SMALL(Calc!$H$3:$H$11,2),Calc!$H$3:$H$11,0)) -> 1597 | D11: =INDEX(Calc!$C$3:$C$11,MATCH(SMALL(Calc!$H$3:$H$11,2),Calc!$H$3:$H$11,0)) -> 596 | E11: =INDEX(Calc!$D$3:$D$11,MATCH(SMALL(Calc!$H$3:$H$11,2),Calc!$H$3:$H$11,0)) -> 1001 | F11: =INDEX(Calc!$G$3:$G$11,MATCH(SMALL(Calc!$H$3:$H$11,2),Calc!$H$3:$H$11,0)) -> 0.37319975 | G11: =INDEX(Calc!$F$3:$F$11,MATCH(SMALL(Calc!$H$3:$H$11,2),Calc!$H$3:$H$11,0)) -> 472 | I11: 2 | J11: =INDEX(Calc!$A$15:$A$24,MATCH(LARGE(Calc!$Q$15:$Q$24,2),Calc!$Q$15:$Q$24,0)) -> Srimushnam | K11: =INDEX(Calc!$R$15:$R$24,MATCH(LARGE(Calc!$Q$15:$Q$24,2),Calc!$Q$15:$Q$24,0)) -> 0.77014925 | L11: =INDEX(Calc!$S$15:$S$24,MATCH(LARGE(Calc!$Q$15:$Q$24,2),Calc!$Q$15:$Q$24,0)) -> 0.728 | M11: =INDEX(Calc!$T$15:$T$24,MATCH(LARGE(Calc!$Q$15:$Q$24,2),Calc!$Q$15:$Q$24,0)) -> 0.5372549 | N11: =INDEX(Calc!$U$15:$U$24,MATCH(LARGE(Calc!$Q$15:$Q$24,2),Calc!$Q$15:$Q$24,0)) -> 0.48648649 | O11: =INDEX(Calc!$V$15:$V$24,MATCH(LARGE(Calc!$Q$15:$Q$24,2),Calc!$Q$15:$Q$24,0)) -> 0.37037037 | P11: =INDEX(Calc!$W$15:$W$24,MATCH(LARGE(Calc!$Q$15:$Q$24,2),Calc!$Q$15:$Q$24,0)) -> 0.34693878 | Q11: =INDEX(Calc!$P$15:$P$24,MATCH(LARGE(Calc!$Q$15:$Q$24,2),Calc!$Q$15:$Q$24,0)) -> 0.41821561 | R11: =INDEX(Calc!$O$15:$O$24,MATCH(LARGE(Calc!$Q$15:$Q$24,2),Calc!$Q$15:$Q$24,0)) -> 450
B12: =INDEX(Calc!$A$3:$A$11,MATCH(SMALL(Calc!$H$3:$H$11,3),Calc!$H$3:$H$11,0)) -> F-Line Rural | C12: =INDEX(Calc!$B$3:$B$11,MATCH(SMALL(Calc!$H$3:$H$11,3),Calc!$H$3:$H$11,0)) -> 3205 | D12: =INDEX(Calc!$C$3:$C$11,MATCH(SMALL(Calc!$H$3:$H$11,3),Calc!$H$3:$H$11,0)) -> 1258 | E12: =INDEX(Calc!$D$3:$D$11,MATCH(SMALL(Calc!$H$3:$H$11,3),Calc!$H$3:$H$11,0)) -> 1947 | F12: =INDEX(Calc!$G$3:$G$11,MATCH(SMALL(Calc!$H$3:$H$11,3),Calc!$H$3:$H$11,0)) -> 0.3925117 | G12: =INDEX(Calc!$F$3:$F$11,MATCH(SMALL(Calc!$H$3:$H$11,3),Calc!$H$3:$H$11,0)) -> 1005 | I12: 3 | J12: =INDEX(Calc!$A$15:$A$24,MATCH(LARGE(Calc!$Q$15:$Q$24,3),Calc!$Q$15:$Q$24,0)) -> Panruti | K12: =INDEX(Calc!$R$15:$R$24,MATCH(LARGE(Calc!$Q$15:$Q$24,3),Calc!$Q$15:$Q$24,0)) -> 0.73668033 | L12: =INDEX(Calc!$S$15:$S$24,MATCH(LARGE(Calc!$Q$15:$Q$24,3),Calc!$Q$15:$Q$24,0)) -> 0.75064267 | M12: =INDEX(Calc!$T$15:$T$24,MATCH(LARGE(Calc!$Q$15:$Q$24,3),Calc!$Q$15:$Q$24,0)) -> 0.51262136 | N12: =INDEX(Calc!$U$15:$U$24,MATCH(LARGE(Calc!$Q$15:$Q$24,3),Calc!$Q$15:$Q$24,0)) -> 0.53586498 | O12: =INDEX(Calc!$V$15:$V$24,MATCH(LARGE(Calc!$Q$15:$Q$24,3),Calc!$Q$15:$Q$24,0)) -> 0.34316354 | P12: =INDEX(Calc!$W$15:$W$24,MATCH(LARGE(Calc!$Q$15:$Q$24,3),Calc!$Q$15:$Q$24,0)) -> 0.38235294 | Q12: =INDEX(Calc!$P$15:$P$24,MATCH(LARGE(Calc!$Q$15:$Q$24,3),Calc!$Q$15:$Q$24,0)) -> 0.4166407 | R12: =INDEX(Calc!$O$15:$O$24,MATCH(LARGE(Calc!$Q$15:$Q$24,3),Calc!$Q$15:$Q$24,0)) -> 1337
B13: =INDEX(Calc!$A$3:$A$11,MATCH(SMALL(Calc!$H$3:$H$11,4),Calc!$H$3:$H$11,0)) -> ISD Urban | C13: =INDEX(Calc!$B$3:$B$11,MATCH(SMALL(Calc!$H$3:$H$11,4),Calc!$H$3:$H$11,0)) -> 730 | D13: =INDEX(Calc!$C$3:$C$11,MATCH(SMALL(Calc!$H$3:$H$11,4),Calc!$H$3:$H$11,0)) -> 350 | E13: =INDEX(Calc!$D$3:$D$11,MATCH(SMALL(Calc!$H$3:$H$11,4),Calc!$H$3:$H$11,0)) -> 380 | F13: =INDEX(Calc!$G$3:$G$11,MATCH(SMALL(Calc!$H$3:$H$11,4),Calc!$H$3:$H$11,0)) -> 0.47945205 | G13: =INDEX(Calc!$F$3:$F$11,MATCH(SMALL(Calc!$H$3:$H$11,4),Calc!$H$3:$H$11,0)) -> 0 | I13: 4 | J13: =INDEX(Calc!$A$15:$A$24,MATCH(LARGE(Calc!$Q$15:$Q$24,4),Calc!$Q$15:$Q$24,0)) -> Bhuvanagiri | K13: =INDEX(Calc!$R$15:$R$24,MATCH(LARGE(Calc!$Q$15:$Q$24,4),Calc!$Q$15:$Q$24,0)) -> 0.7443609 | L13: =INDEX(Calc!$S$15:$S$24,MATCH(LARGE(Calc!$Q$15:$Q$24,4),Calc!$Q$15:$Q$24,0)) -> 0.75443787 | M13: =INDEX(Calc!$T$15:$T$24,MATCH(LARGE(Calc!$Q$15:$Q$24,4),Calc!$Q$15:$Q$24,0)) -> 0.52265372 | N13: =INDEX(Calc!$U$15:$U$24,MATCH(LARGE(Calc!$Q$15:$Q$24,4),Calc!$Q$15:$Q$24,0)) -> 0.52702703 | O13: =INDEX(Calc!$V$15:$V$24,MATCH(LARGE(Calc!$Q$15:$Q$24,4),Calc!$Q$15:$Q$24,0)) -> 0.41312741 | P13: =INDEX(Calc!$W$15:$W$24,MATCH(LARGE(Calc!$Q$15:$Q$24,4),Calc!$Q$15:$Q$24,0)) -> 0.37288136 | Q13: =INDEX(Calc!$P$15:$P$24,MATCH(LARGE(Calc!$Q$15:$Q$24,4),Calc!$Q$15:$Q$24,0)) -> 0.4109972 | R13: =INDEX(Calc!$O$15:$O$24,MATCH(LARGE(Calc!$Q$15:$Q$24,4),Calc!$Q$15:$Q$24,0)) -> 882
B14: =INDEX(Calc!$A$3:$A$11,MATCH(SMALL(Calc!$H$3:$H$11,5),Calc!$H$3:$H$11,0)) -> ISD Natham | C14: =INDEX(Calc!$B$3:$B$11,MATCH(SMALL(Calc!$H$3:$H$11,5),Calc!$H$3:$H$11,0)) -> 1690 | D14: =INDEX(Calc!$C$3:$C$11,MATCH(SMALL(Calc!$H$3:$H$11,5),Calc!$H$3:$H$11,0)) -> 883 | E14: =INDEX(Calc!$D$3:$D$11,MATCH(SMALL(Calc!$H$3:$H$11,5),Calc!$H$3:$H$11,0)) -> 807 | F14: =INDEX(Calc!$G$3:$G$11,MATCH(SMALL(Calc!$H$3:$H$11,5),Calc!$H$3:$H$11,0)) -> 0.52248521 | G14: =INDEX(Calc!$F$3:$F$11,MATCH(SMALL(Calc!$H$3:$H$11,5),Calc!$H$3:$H$11,0)) -> 0 | I14: 5 | J14: =INDEX(Calc!$A$15:$A$24,MATCH(LARGE(Calc!$Q$15:$Q$24,5),Calc!$Q$15:$Q$24,0)) -> Kurinjipadi | K14: =INDEX(Calc!$R$15:$R$24,MATCH(LARGE(Calc!$Q$15:$Q$24,5),Calc!$Q$15:$Q$24,0)) -> 0.73653566 | L14: =INDEX(Calc!$S$15:$S$24,MATCH(LARGE(Calc!$Q$15:$Q$24,5),Calc!$Q$15:$Q$24,0)) -> 0.79253112 | M14: =INDEX(Calc!$T$15:$T$24,MATCH(LARGE(Calc!$Q$15:$Q$24,5),Calc!$Q$15:$Q$24,0)) -> 0.54934211 | N14: =INDEX(Calc!$U$15:$U$24,MATCH(LARGE(Calc!$Q$15:$Q$24,5),Calc!$Q$15:$Q$24,0)) -> 0.64571429 | O14: =INDEX(Calc!$V$15:$V$24,MATCH(LARGE(Calc!$Q$15:$Q$24,5),Calc!$Q$15:$Q$24,0)) -> 0.37677054 | P14: =INDEX(Calc!$W$15:$W$24,MATCH(LARGE(Calc!$Q$15:$Q$24,5),Calc!$Q$15:$Q$24,0)) -> 0.36363636 | Q14: =INDEX(Calc!$P$15:$P$24,MATCH(LARGE(Calc!$Q$15:$Q$24,5),Calc!$Q$15:$Q$24,0)) -> 0.40523394 | R14: =INDEX(Calc!$O$15:$O$24,MATCH(LARGE(Calc!$Q$15:$Q$24,5),Calc!$Q$15:$Q$24,0)) -> 1022
B15: =INDEX(Calc!$A$3:$A$11,MATCH(SMALL(Calc!$H$3:$H$11,6),Calc!$H$3:$H$11,0)) -> ISD Rural | C15: =INDEX(Calc!$B$3:$B$11,MATCH(SMALL(Calc!$H$3:$H$11,6),Calc!$H$3:$H$11,0)) -> 7385 | D15: =INDEX(Calc!$C$3:$C$11,MATCH(SMALL(Calc!$H$3:$H$11,6),Calc!$H$3:$H$11,0)) -> 3947 | E15: =INDEX(Calc!$D$3:$D$11,MATCH(SMALL(Calc!$H$3:$H$11,6),Calc!$H$3:$H$11,0)) -> 3438 | F15: =INDEX(Calc!$G$3:$G$11,MATCH(SMALL(Calc!$H$3:$H$11,6),Calc!$H$3:$H$11,0)) -> 0.53446175 | G15: =INDEX(Calc!$F$3:$F$11,MATCH(SMALL(Calc!$H$3:$H$11,6),Calc!$H$3:$H$11,0)) -> 37 | I15: 6 | J15: =INDEX(Calc!$A$15:$A$24,MATCH(LARGE(Calc!$Q$15:$Q$24,6),Calc!$Q$15:$Q$24,0)) -> Vridhachalam | K15: =INDEX(Calc!$R$15:$R$24,MATCH(LARGE(Calc!$Q$15:$Q$24,6),Calc!$Q$15:$Q$24,0)) -> 0.96945551 | L15: =INDEX(Calc!$S$15:$S$24,MATCH(LARGE(Calc!$Q$15:$Q$24,6),Calc!$Q$15:$Q$24,0)) -> 0.64878049 | M15: =INDEX(Calc!$T$15:$T$24,MATCH(LARGE(Calc!$Q$15:$Q$24,6),Calc!$Q$15:$Q$24,0)) -> 0.5132336 | N15: =INDEX(Calc!$U$15:$U$24,MATCH(LARGE(Calc!$Q$15:$Q$24,6),Calc!$Q$15:$Q$24,0)) -> 0.5 | O15: =INDEX(Calc!$V$15:$V$24,MATCH(LARGE(Calc!$Q$15:$Q$24,6),Calc!$Q$15:$Q$24,0)) -> 0.36988848 | P15: =INDEX(Calc!$W$15:$W$24,MATCH(LARGE(Calc!$Q$15:$Q$24,6),Calc!$Q$15:$Q$24,0)) -> 0.33617021 | Q15: =INDEX(Calc!$P$15:$P$24,MATCH(LARGE(Calc!$Q$15:$Q$24,6),Calc!$Q$15:$Q$24,0)) -> 0.39524909 | R15: =INDEX(Calc!$O$15:$O$24,MATCH(LARGE(Calc!$Q$15:$Q$24,6),Calc!$Q$15:$Q$24,0)) -> 1198
B16: =INDEX(Calc!$A$3:$A$11,MATCH(SMALL(Calc!$H$3:$H$11,7),Calc!$H$3:$H$11,0)) -> NISD Natham | C16: =INDEX(Calc!$B$3:$B$11,MATCH(SMALL(Calc!$H$3:$H$11,7),Calc!$H$3:$H$11,0)) -> 2871 | D16: =INDEX(Calc!$C$3:$C$11,MATCH(SMALL(Calc!$H$3:$H$11,7),Calc!$H$3:$H$11,0)) -> 2123 | E16: =INDEX(Calc!$D$3:$D$11,MATCH(SMALL(Calc!$H$3:$H$11,7),Calc!$H$3:$H$11,0)) -> 748 | F16: =INDEX(Calc!$G$3:$G$11,MATCH(SMALL(Calc!$H$3:$H$11,7),Calc!$H$3:$H$11,0)) -> 0.7394636 | G16: =INDEX(Calc!$F$3:$F$11,MATCH(SMALL(Calc!$H$3:$H$11,7),Calc!$H$3:$H$11,0)) -> 0 | I16: 7 | J16: =INDEX(Calc!$A$15:$A$24,MATCH(LARGE(Calc!$Q$15:$Q$24,7),Calc!$Q$15:$Q$24,0)) -> Chidambaram | K16: =INDEX(Calc!$R$15:$R$24,MATCH(LARGE(Calc!$Q$15:$Q$24,7),Calc!$Q$15:$Q$24,0)) -> 0.76793893 | L16: =INDEX(Calc!$S$15:$S$24,MATCH(LARGE(Calc!$Q$15:$Q$24,7),Calc!$Q$15:$Q$24,0)) -> 0.7318612 | M16: =INDEX(Calc!$T$15:$T$24,MATCH(LARGE(Calc!$Q$15:$Q$24,7),Calc!$Q$15:$Q$24,0)) -> 0.55424528 | N16: =INDEX(Calc!$U$15:$U$24,MATCH(LARGE(Calc!$Q$15:$Q$24,7),Calc!$Q$15:$Q$24,0)) -> 0.4619883 | O16: =INDEX(Calc!$V$15:$V$24,MATCH(LARGE(Calc!$Q$15:$Q$24,7),Calc!$Q$15:$Q$24,0)) -> 0.432 | P16: =INDEX(Calc!$W$15:$W$24,MATCH(LARGE(Calc!$Q$15:$Q$24,7),Calc!$Q$15:$Q$24,0)) -> 0.37142857 | Q16: =INDEX(Calc!$P$15:$P$24,MATCH(LARGE(Calc!$Q$15:$Q$24,7),Calc!$Q$15:$Q$24,0)) -> 0.39353213 | R16: =INDEX(Calc!$O$15:$O$24,MATCH(LARGE(Calc!$Q$15:$Q$24,7),Calc!$Q$15:$Q$24,0)) -> 937
B17: =INDEX(Calc!$A$3:$A$11,MATCH(SMALL(Calc!$H$3:$H$11,8),Calc!$H$3:$H$11,0)) -> NISD Urban | C17: =INDEX(Calc!$B$3:$B$11,MATCH(SMALL(Calc!$H$3:$H$11,8),Calc!$H$3:$H$11,0)) -> 1024 | D17: =INDEX(Calc!$C$3:$C$11,MATCH(SMALL(Calc!$H$3:$H$11,8),Calc!$H$3:$H$11,0)) -> 801 | E17: =INDEX(Calc!$D$3:$D$11,MATCH(SMALL(Calc!$H$3:$H$11,8),Calc!$H$3:$H$11,0)) -> 223 | F17: =INDEX(Calc!$G$3:$G$11,MATCH(SMALL(Calc!$H$3:$H$11,8),Calc!$H$3:$H$11,0)) -> 0.78222656 | G17: =INDEX(Calc!$F$3:$F$11,MATCH(SMALL(Calc!$H$3:$H$11,8),Calc!$H$3:$H$11,0)) -> 0 | I17: 8 | J17: =INDEX(Calc!$A$15:$A$24,MATCH(LARGE(Calc!$Q$15:$Q$24,8),Calc!$Q$15:$Q$24,0)) -> Titagudi | K17: =INDEX(Calc!$R$15:$R$24,MATCH(LARGE(Calc!$Q$15:$Q$24,8),Calc!$Q$15:$Q$24,0)) -> 0.81553398 | L17: =INDEX(Calc!$S$15:$S$24,MATCH(LARGE(Calc!$Q$15:$Q$24,8),Calc!$Q$15:$Q$24,0)) -> 0.79886686 | M17: =INDEX(Calc!$T$15:$T$24,MATCH(LARGE(Calc!$Q$15:$Q$24,8),Calc!$Q$15:$Q$24,0)) -> 0.4686907 | N17: =INDEX(Calc!$U$15:$U$24,MATCH(LARGE(Calc!$Q$15:$Q$24,8),Calc!$Q$15:$Q$24,0)) -> 0.44805195 | O17: =INDEX(Calc!$V$15:$V$24,MATCH(LARGE(Calc!$Q$15:$Q$24,8),Calc!$Q$15:$Q$24,0)) -> 0.45247934 | P17: =INDEX(Calc!$W$15:$W$24,MATCH(LARGE(Calc!$Q$15:$Q$24,8),Calc!$Q$15:$Q$24,0)) -> 0.37073171 | Q17: =INDEX(Calc!$P$15:$P$24,MATCH(LARGE(Calc!$Q$15:$Q$24,8),Calc!$Q$15:$Q$24,0)) -> 0.38555163 | R17: =INDEX(Calc!$O$15:$O$24,MATCH(LARGE(Calc!$Q$15:$Q$24,8),Calc!$Q$15:$Q$24,0)) -> 982
B18: =INDEX(Calc!$A$3:$A$11,MATCH(SMALL(Calc!$H$3:$H$11,9),Calc!$H$3:$H$11,0)) -> NISD Rural | C18: =INDEX(Calc!$B$3:$B$11,MATCH(SMALL(Calc!$H$3:$H$11,9),Calc!$H$3:$H$11,0)) -> 6738 | D18: =INDEX(Calc!$C$3:$C$11,MATCH(SMALL(Calc!$H$3:$H$11,9),Calc!$H$3:$H$11,0)) -> 5284 | E18: =INDEX(Calc!$D$3:$D$11,MATCH(SMALL(Calc!$H$3:$H$11,9),Calc!$H$3:$H$11,0)) -> 1454 | F18: =INDEX(Calc!$G$3:$G$11,MATCH(SMALL(Calc!$H$3:$H$11,9),Calc!$H$3:$H$11,0)) -> 0.78420896 | G18: =INDEX(Calc!$F$3:$F$11,MATCH(SMALL(Calc!$H$3:$H$11,9),Calc!$H$3:$H$11,0)) -> 10 | I18: 9 | J18: =INDEX(Calc!$A$15:$A$24,MATCH(LARGE(Calc!$Q$15:$Q$24,9),Calc!$Q$15:$Q$24,0)) -> Cuddalore | K18: =INDEX(Calc!$R$15:$R$24,MATCH(LARGE(Calc!$Q$15:$Q$24,9),Calc!$Q$15:$Q$24,0)) -> 0.75037594 | L18: =INDEX(Calc!$S$15:$S$24,MATCH(LARGE(Calc!$Q$15:$Q$24,9),Calc!$Q$15:$Q$24,0)) -> 0.72803347 | M18: =INDEX(Calc!$T$15:$T$24,MATCH(LARGE(Calc!$Q$15:$Q$24,9),Calc!$Q$15:$Q$24,0)) -> 0.62745098 | N18: =INDEX(Calc!$U$15:$U$24,MATCH(LARGE(Calc!$Q$15:$Q$24,9),Calc!$Q$15:$Q$24,0)) -> 0.52095808 | O18: =INDEX(Calc!$V$15:$V$24,MATCH(LARGE(Calc!$Q$15:$Q$24,9),Calc!$Q$15:$Q$24,0)) -> 0.34246575 | P18: =INDEX(Calc!$W$15:$W$24,MATCH(LARGE(Calc!$Q$15:$Q$24,9),Calc!$Q$15:$Q$24,0)) -> 0.42168675 | Q18: =INDEX(Calc!$P$15:$P$24,MATCH(LARGE(Calc!$Q$15:$Q$24,9),Calc!$Q$15:$Q$24,0)) -> 0.38430745 | R18: =INDEX(Calc!$O$15:$O$24,MATCH(LARGE(Calc!$Q$15:$Q$24,9),Calc!$Q$15:$Q$24,0)) -> 960
I19: 10 | J19: =INDEX(Calc!$A$15:$A$24,MATCH(LARGE(Calc!$Q$15:$Q$24,10),Calc!$Q$15:$Q$24,0)) -> Veppur | K19: =INDEX(Calc!$R$15:$R$24,MATCH(LARGE(Calc!$Q$15:$Q$24,10),Calc!$Q$15:$Q$24,0)) -> 0.74965422 | L19: =INDEX(Calc!$S$15:$S$24,MATCH(LARGE(Calc!$Q$15:$Q$24,10),Calc!$Q$15:$Q$24,0)) -> 0.76651982 | M19: =INDEX(Calc!$T$15:$T$24,MATCH(LARGE(Calc!$Q$15:$Q$24,10),Calc!$Q$15:$Q$24,0)) -> 0.50971599 | N19: =INDEX(Calc!$U$15:$U$24,MATCH(LARGE(Calc!$Q$15:$Q$24,10),Calc!$Q$15:$Q$24,0)) -> 0.66666667 | O19: =INDEX(Calc!$V$15:$V$24,MATCH(LARGE(Calc!$Q$15:$Q$24,10),Calc!$Q$15:$Q$24,0)) -> 0.464 | P19: =INDEX(Calc!$W$15:$W$24,MATCH(LARGE(Calc!$Q$15:$Q$24,10),Calc!$Q$15:$Q$24,0)) -> 0.42391304 | Q19: =INDEX(Calc!$P$15:$P$24,MATCH(LARGE(Calc!$Q$15:$Q$24,10),Calc!$Q$15:$Q$24,0)) -> 0.37927711 | R19: =INDEX(Calc!$O$15:$O$24,MATCH(LARGE(Calc!$Q$15:$Q$24,10),Calc!$Q$15:$Q$24,0)) -> 787
J20: District | K20: =Calc!R25 -> 0.78420896 | L20: =Calc!S25 -> 0.7394636 | M20: =Calc!T25 -> 0.53446175 | N20: =Calc!U25 -> 0.52248521 | O20: =Calc!V25 -> 0.3925117 | P20: =Calc!W25 -> 0.37319975 | Q20: =Calc!P25 -> 0.40002555 | R20: =Calc!O25 -> 9395
I21: Colour: green = 75% or more disposed, amber = 50 to 75%, red = below 50%. Pending %: green up to 25%, amber to 50%, red above.
B23: 3. Surveyor disposal: September vs August (by taluk) | I23: 4. Pending within vs beyond time limit | O23: 5. Top rejection villages
B24: Taluk | C24: Sep-26 | D24: Aug-26 | E24: Change | F24: Change % | J24: Stream | K24: Pending | L24: Within limit | M24: Beyond limit | O24: Category ▸ | P24: NISD Rural | T24: =MATCH(P24,{"NISD Rural","NISD Natham","ISD Rural","ISD Natham"},0) -> 1
B25: =INDEX(Calc!$A$30:$A$39,MATCH(LARGE(Calc!$D$30:$D$39,1),Calc!$D$30:$D$39,0)) -> Panruti | C25: =INDEX(Calc!$B$30:$B$39,MATCH(LARGE(Calc!$D$30:$D$39,1),Calc!$D$30:$D$39,0)) -> 1254 | D25: =INDEX(Calc!$C$30:$C$39,MATCH(LARGE(Calc!$D$30:$D$39,1),Calc!$D$30:$D$39,0)) -> 1300 | E25: =C25-D25 -> -46 | F25: =IFERROR(E25/D25,0) -> -0.035384615 | I25: 1 | J25: =INDEX(Calc!$A$3:$A$11,MATCH(LARGE(Calc!$I$3:$I$11,1),Calc!$I$3:$I$11,0)) -> ISD Rural | K25: =INDEX(Calc!$D$3:$D$11,MATCH(LARGE(Calc!$I$3:$I$11,1),Calc!$I$3:$I$11,0)) -> 3438 | L25: =INDEX(Calc!$E$3:$E$11,MATCH(LARGE(Calc!$I$3:$I$11,1),Calc!$I$3:$I$11,0)) -> 3401 | M25: =INDEX(Calc!$F$3:$F$11,MATCH(LARGE(Calc!$I$3:$I$11,1),Calc!$I$3:$I$11,0)) -> 37 | O25: Village | Q25: Taluk | R25: Rejections
B26: =INDEX(Calc!$A$30:$A$39,MATCH(LARGE(Calc!$D$30:$D$39,2),Calc!$D$30:$D$39,0)) -> Cuddalore | C26: =INDEX(Calc!$B$30:$B$39,MATCH(LARGE(Calc!$D$30:$D$39,2),Calc!$D$30:$D$39,0)) -> 1149 | D26: =INDEX(Calc!$C$30:$C$39,MATCH(LARGE(Calc!$D$30:$D$39,2),Calc!$D$30:$D$39,0)) -> 1165 | E26: =C26-D26 -> -16 | F26: =IFERROR(E26/D26,0) -> -0.013733906 | I26: 2 | J26: =INDEX(Calc!$A$3:$A$11,MATCH(LARGE(Calc!$I$3:$I$11,2),Calc!$I$3:$I$11,0)) -> F-Line Rural | K26: =INDEX(Calc!$D$3:$D$11,MATCH(LARGE(Calc!$I$3:$I$11,2),Calc!$I$3:$I$11,0)) -> 1947 | L26: =INDEX(Calc!$E$3:$E$11,MATCH(LARGE(Calc!$I$3:$I$11,2),Calc!$I$3:$I$11,0)) -> 942 | M26: =INDEX(Calc!$F$3:$F$11,MATCH(LARGE(Calc!$I$3:$I$11,2),Calc!$I$3:$I$11,0)) -> 1005 | O26: ="1. "&PROPER(INDEX(Calc!$V$44:$V$93,MATCH(LARGE(Calc!$X$44:$X$93,1),Calc!$X$44:$X$93,0))) -> 1. Vegakollai | Q26: =PROPER(INDEX(Calc!$U$44:$U$93,MATCH(LARGE(Calc!$X$44:$X$93,1),Calc!$X$44:$X$93,0))) -> Panruti | R26: =INDEX(Calc!$W$44:$W$93,MATCH(LARGE(Calc!$X$44:$X$93,1),Calc!$X$44:$X$93,0)) -> 21
B27: =INDEX(Calc!$A$30:$A$39,MATCH(LARGE(Calc!$D$30:$D$39,3),Calc!$D$30:$D$39,0)) -> Virudhachalam | C27: =INDEX(Calc!$B$30:$B$39,MATCH(LARGE(Calc!$D$30:$D$39,3),Calc!$D$30:$D$39,0)) -> 1108 | D27: =INDEX(Calc!$C$30:$C$39,MATCH(LARGE(Calc!$D$30:$D$39,3),Calc!$D$30:$D$39,0)) -> 1188 | E27: =C27-D27 -> -80 | F27: =IFERROR(E27/D27,0) -> -0.067340067 | I27: 3 | J27: =INDEX(Calc!$A$3:$A$11,MATCH(LARGE(Calc!$I$3:$I$11,3),Calc!$I$3:$I$11,0)) -> NISD Rural | K27: =INDEX(Calc!$D$3:$D$11,MATCH(LARGE(Calc!$I$3:$I$11,3),Calc!$I$3:$I$11,0)) -> 1454 | L27: =INDEX(Calc!$E$3:$E$11,MATCH(LARGE(Calc!$I$3:$I$11,3),Calc!$I$3:$I$11,0)) -> 1444 | M27: =INDEX(Calc!$F$3:$F$11,MATCH(LARGE(Calc!$I$3:$I$11,3),Calc!$I$3:$I$11,0)) -> 10 | O27: ="2. "&PROPER(INDEX(Calc!$V$44:$V$93,MATCH(LARGE(Calc!$X$44:$X$93,2),Calc!$X$44:$X$93,0))) -> 2. Vallam | Q27: =PROPER(INDEX(Calc!$U$44:$U$93,MATCH(LARGE(Calc!$X$44:$X$93,2),Calc!$X$44:$X$93,0))) -> Panruti | R27: =INDEX(Calc!$W$44:$W$93,MATCH(LARGE(Calc!$X$44:$X$93,2),Calc!$X$44:$X$93,0)) -> 14
B28: =INDEX(Calc!$A$30:$A$39,MATCH(LARGE(Calc!$D$30:$D$39,4),Calc!$D$30:$D$39,0)) -> Kurinjipadi | C28: =INDEX(Calc!$B$30:$B$39,MATCH(LARGE(Calc!$D$30:$D$39,4),Calc!$D$30:$D$39,0)) -> 755 | D28: =INDEX(Calc!$C$30:$C$39,MATCH(LARGE(Calc!$D$30:$D$39,4),Calc!$D$30:$D$39,0)) -> 921 | E28: =C28-D28 -> -166 | F28: =IFERROR(E28/D28,0) -> -0.18023887 | I28: 4 | J28: =INDEX(Calc!$A$3:$A$11,MATCH(LARGE(Calc!$I$3:$I$11,4),Calc!$I$3:$I$11,0)) -> F-Line Natham | K28: =INDEX(Calc!$D$3:$D$11,MATCH(LARGE(Calc!$I$3:$I$11,4),Calc!$I$3:$I$11,0)) -> 1001 | L28: =INDEX(Calc!$E$3:$E$11,MATCH(LARGE(Calc!$I$3:$I$11,4),Calc!$I$3:$I$11,0)) -> 529 | M28: =INDEX(Calc!$F$3:$F$11,MATCH(LARGE(Calc!$I$3:$I$11,4),Calc!$I$3:$I$11,0)) -> 472 | O28: ="3. "&PROPER(INDEX(Calc!$V$44:$V$93,MATCH(LARGE(Calc!$X$44:$X$93,3),Calc!$X$44:$X$93,0))) -> 3. Vadakuthu | Q28: =PROPER(INDEX(Calc!$U$44:$U$93,MATCH(LARGE(Calc!$X$44:$X$93,3),Calc!$X$44:$X$93,0))) -> Kurinjipadi | R28: =INDEX(Calc!$W$44:$W$93,MATCH(LARGE(Calc!$X$44:$X$93,3),Calc!$X$44:$X$93,0)) -> 10
B29: =INDEX(Calc!$A$30:$A$39,MATCH(LARGE(Calc!$D$30:$D$39,5),Calc!$D$30:$D$39,0)) -> Chidambaram | C29: =INDEX(Calc!$B$30:$B$39,MATCH(LARGE(Calc!$D$30:$D$39,5),Calc!$D$30:$D$39,0)) -> 678 | D29: =INDEX(Calc!$C$30:$C$39,MATCH(LARGE(Calc!$D$30:$D$39,5),Calc!$D$30:$D$39,0)) -> 823 | E29: =C29-D29 -> -145 | F29: =IFERROR(E29/D29,0) -> -0.17618469 | I29: 5 | J29: =INDEX(Calc!$A$3:$A$11,MATCH(LARGE(Calc!$I$3:$I$11,5),Calc!$I$3:$I$11,0)) -> ISD Natham | K29: =INDEX(Calc!$D$3:$D$11,MATCH(LARGE(Calc!$I$3:$I$11,5),Calc!$I$3:$I$11,0)) -> 807 | L29: =INDEX(Calc!$E$3:$E$11,MATCH(LARGE(Calc!$I$3:$I$11,5),Calc!$I$3:$I$11,0)) -> 807 | M29: =INDEX(Calc!$F$3:$F$11,MATCH(LARGE(Calc!$I$3:$I$11,5),Calc!$I$3:$I$11,0)) -> 0 | O29: ="4. "&PROPER(INDEX(Calc!$V$44:$V$93,MATCH(LARGE(Calc!$X$44:$X$93,4),Calc!$X$44:$X$93,0))) -> 4. Melmampattu | Q29: =PROPER(INDEX(Calc!$U$44:$U$93,MATCH(LARGE(Calc!$X$44:$X$93,4),Calc!$X$44:$X$93,0))) -> Panruti | R29: =INDEX(Calc!$W$44:$W$93,MATCH(LARGE(Calc!$X$44:$X$93,4),Calc!$X$44:$X$93,0)) -> 9
B30: =INDEX(Calc!$A$30:$A$39,MATCH(LARGE(Calc!$D$30:$D$39,6),Calc!$D$30:$D$39,0)) -> Bhuvanagiri | C30: =INDEX(Calc!$B$30:$B$39,MATCH(LARGE(Calc!$D$30:$D$39,6),Calc!$D$30:$D$39,0)) -> 537 | D30: =INDEX(Calc!$C$30:$C$39,MATCH(LARGE(Calc!$D$30:$D$39,6),Calc!$D$30:$D$39,0)) -> 686 | E30: =C30-D30 -> -149 | F30: =IFERROR(E30/D30,0) -> -0.21720117 | I30: 6 | J30: =INDEX(Calc!$A$3:$A$11,MATCH(LARGE(Calc!$I$3:$I$11,6),Calc!$I$3:$I$11,0)) -> NISD Natham | K30: =INDEX(Calc!$D$3:$D$11,MATCH(LARGE(Calc!$I$3:$I$11,6),Calc!$I$3:$I$11,0)) -> 748 | L30: =INDEX(Calc!$E$3:$E$11,MATCH(LARGE(Calc!$I$3:$I$11,6),Calc!$I$3:$I$11,0)) -> 748 | M30: =INDEX(Calc!$F$3:$F$11,MATCH(LARGE(Calc!$I$3:$I$11,6),Calc!$I$3:$I$11,0)) -> 0 | O30: ="5. "&PROPER(INDEX(Calc!$V$44:$V$93,MATCH(LARGE(Calc!$X$44:$X$93,5),Calc!$X$44:$X$93,0))) -> 5. Parvathipuram | Q30: =PROPER(INDEX(Calc!$U$44:$U$93,MATCH(LARGE(Calc!$X$44:$X$93,5),Calc!$X$44:$X$93,0))) -> Kurinjipadi | R30: =INDEX(Calc!$W$44:$W$93,MATCH(LARGE(Calc!$X$44:$X$93,5),Calc!$X$44:$X$93,0)) -> 9
B31: =INDEX(Calc!$A$30:$A$39,MATCH(LARGE(Calc!$D$30:$D$39,7),Calc!$D$30:$D$39,0)) -> Veppur | C31: =INDEX(Calc!$B$30:$B$39,MATCH(LARGE(Calc!$D$30:$D$39,7),Calc!$D$30:$D$39,0)) -> 509 | D31: =INDEX(Calc!$C$30:$C$39,MATCH(LARGE(Calc!$D$30:$D$39,7),Calc!$D$30:$D$39,0)) -> 621 | E31: =C31-D31 -> -112 | F31: =IFERROR(E31/D31,0) -> -0.18035427 | I31: 7 | J31: =INDEX(Calc!$A$3:$A$11,MATCH(LARGE(Calc!$I$3:$I$11,7),Calc!$I$3:$I$11,0)) -> ISD Urban | K31: =INDEX(Calc!$D$3:$D$11,MATCH(LARGE(Calc!$I$3:$I$11,7),Calc!$I$3:$I$11,0)) -> 380 | L31: =INDEX(Calc!$E$3:$E$11,MATCH(LARGE(Calc!$I$3:$I$11,7),Calc!$I$3:$I$11,0)) -> 380 | M31: =INDEX(Calc!$F$3:$F$11,MATCH(LARGE(Calc!$I$3:$I$11,7),Calc!$I$3:$I$11,0)) -> 0 | O31: ="6. "&PROPER(INDEX(Calc!$V$44:$V$93,MATCH(LARGE(Calc!$X$44:$X$93,6),Calc!$X$44:$X$93,0))) -> 6. Marungur | Q31: =PROPER(INDEX(Calc!$U$44:$U$93,MATCH(LARGE(Calc!$X$44:$X$93,6),Calc!$X$44:$X$93,0))) -> Panruti | R31: =INDEX(Calc!$W$44:$W$93,MATCH(LARGE(Calc!$X$44:$X$93,6),Calc!$X$44:$X$93,0)) -> 8
B32: =INDEX(Calc!$A$30:$A$39,MATCH(LARGE(Calc!$D$30:$D$39,8),Calc!$D$30:$D$39,0)) -> Titakudi | C32: =INDEX(Calc!$B$30:$B$39,MATCH(LARGE(Calc!$D$30:$D$39,8),Calc!$D$30:$D$39,0)) -> 485 | D32: =INDEX(Calc!$C$30:$C$39,MATCH(LARGE(Calc!$D$30:$D$39,8),Calc!$D$30:$D$39,0)) -> 576 | E32: =C32-D32 -> -91 | F32: =IFERROR(E32/D32,0) -> -0.15798611 | I32: 8 | J32: =INDEX(Calc!$A$3:$A$11,MATCH(LARGE(Calc!$I$3:$I$11,8),Calc!$I$3:$I$11,0)) -> NISD Urban | K32: =INDEX(Calc!$D$3:$D$11,MATCH(LARGE(Calc!$I$3:$I$11,8),Calc!$I$3:$I$11,0)) -> 223 | L32: =INDEX(Calc!$E$3:$E$11,MATCH(LARGE(Calc!$I$3:$I$11,8),Calc!$I$3:$I$11,0)) -> 223 | M32: =INDEX(Calc!$F$3:$F$11,MATCH(LARGE(Calc!$I$3:$I$11,8),Calc!$I$3:$I$11,0)) -> 0 | O32: ="7. "&PROPER(INDEX(Calc!$V$44:$V$93,MATCH(LARGE(Calc!$X$44:$X$93,7),Calc!$X$44:$X$93,0))) -> 7. Keezhur | Q32: =PROPER(INDEX(Calc!$U$44:$U$93,MATCH(LARGE(Calc!$X$44:$X$93,7),Calc!$X$44:$X$93,0))) -> Kurinjipadi | R32: =INDEX(Calc!$W$44:$W$93,MATCH(LARGE(Calc!$X$44:$X$93,7),Calc!$X$44:$X$93,0)) -> 8
B33: =INDEX(Calc!$A$30:$A$39,MATCH(LARGE(Calc!$D$30:$D$39,9),Calc!$D$30:$D$39,0)) -> Kattumannarkoil | C33: =INDEX(Calc!$B$30:$B$39,MATCH(LARGE(Calc!$D$30:$D$39,9),Calc!$D$30:$D$39,0)) -> 434 | D33: =INDEX(Calc!$C$30:$C$39,MATCH(LARGE(Calc!$D$30:$D$39,9),Calc!$D$30:$D$39,0)) -> 612 | E33: =C33-D33 -> -178 | F33: =IFERROR(E33/D33,0) -> -0.29084967 | I33: 9 | J33: =INDEX(Calc!$A$3:$A$11,MATCH(LARGE(Calc!$I$3:$I$11,9),Calc!$I$3:$I$11,0)) -> F-Line Urban | K33: =INDEX(Calc!$D$3:$D$11,MATCH(LARGE(Calc!$I$3:$I$11,9),Calc!$I$3:$I$11,0)) -> 118 | L33: =INDEX(Calc!$E$3:$E$11,MATCH(LARGE(Calc!$I$3:$I$11,9),Calc!$I$3:$I$11,0)) -> 78 | M33: =INDEX(Calc!$F$3:$F$11,MATCH(LARGE(Calc!$I$3:$I$11,9),Calc!$I$3:$I$11,0)) -> 40 | O33: ="8. "&PROPER(INDEX(Calc!$V$44:$V$93,MATCH(LARGE(Calc!$X$44:$X$93,8),Calc!$X$44:$X$93,0))) -> 8. Pinnalur | Q33: =PROPER(INDEX(Calc!$U$44:$U$93,MATCH(LARGE(Calc!$X$44:$X$93,8),Calc!$X$44:$X$93,0))) -> Bhuvanagiri | R33: =INDEX(Calc!$W$44:$W$93,MATCH(LARGE(Calc!$X$44:$X$93,8),Calc!$X$44:$X$93,0)) -> 7
B34: =INDEX(Calc!$A$30:$A$39,MATCH(LARGE(Calc!$D$30:$D$39,10),Calc!$D$30:$D$39,0)) -> Srimushnam | C34: =INDEX(Calc!$B$30:$B$39,MATCH(LARGE(Calc!$D$30:$D$39,10),Calc!$D$30:$D$39,0)) -> 243 | D34: =INDEX(Calc!$C$30:$C$39,MATCH(LARGE(Calc!$D$30:$D$39,10),Calc!$D$30:$D$39,0)) -> 327 | E34: =C34-D34 -> -84 | F34: =IFERROR(E34/D34,0) -> -0.25688073
B35: District total | C35: =SUM(C25:C34) -> 7152 | D35: =SUM(D25:D34) -> 8219 | E35: =C35-D35 -> -1067 | F35: =IFERROR(E35/D35,0) -> -0.12982115
B37: Key points (update automatically)
B38: ="• District handled "&TEXT(B5,"#,##0")&" applications: "&TEXT(SUM(Calc!C3:C11),"#,##0")&" disposed ("&TEXT(E5,"0%")&"), "&TEXT(J5,"#,##0")&" pending." -> • District handled 25,422 applications: 15,306 disposed (60%), 10,116 pending.
B39: ="• Lowest disposal: "&B10&" "&TEXT(F10,"0%")&", "&B11&" "&TEXT(F11,"0%")&". Best: "&B18&" "&TEXT(F18,"0%")&"." -> • Lowest disposal: F-Line Urban 35%, F-Line Natham 37%. Best: NISD Rural 78%.
B40: ="• "&TEXT(N5,"#,##0")&" pending applications are beyond the time limit; "&TEXT(Calc!F9+Calc!F10+Calc!F11,"#,##0")&" of them are F-Line." -> • 1,564 pending applications are beyond the time limit; 1,517 of them are F-Line.
B41: ="• Highest pending share: "&J10&" ("&TEXT(Q10,"0%")&" of its applications); district average "&TEXT(Q20,"0%")&"." -> • Highest pending share: Kattumannarkoil (42% of its applications); district average 40%.
B42: ="• Surveyor disposal: "&TEXT(D35,"#,##0")&" (Aug) to "&TEXT(C35,"#,##0")&" (Sep), "&TEXT(F35,"+0%;-0%")&"." -> • Surveyor disposal: 8,219 (Aug) to 7,152 (Sep), -13%.
B43: ="• Data checks: "&Checks!D15&" (see the Checks sheet)." -> • Data checks: 1 issue(s) (see the Checks sheet).

Sheet How it works
B1: HOW THIS WORKBOOK WORKS
B2: DRA Meeting, Cuddalore District. You type the figures in the blue cells; every total, percentage, average, check and the whole Dashboard is calculated by formulas.
B4: 1. Colours: what you can change
B5: Colour | C5: Meaning | D5: Example | E5: What to do
B6: Blue text | C6: Typed data (input) | D6: Opening balance, Received, Approved, Rejected, pending breakup, surveyor disposals | E6: Type or change these figures.
B7: Black text | C7: Formula (calculated) | D7: Total, %, Disposed, Pending, Total rows, Averages, everything on the Dashboard | E7: Do not type over them. They update by themselves.
B8: Green text | C8: Figure pulled from another sheet | D8: ISD VAO sheet district columns, abstract, Calc sheet | E8: Do not type over them.
B9: Yellow cell | C9: Choice on the Dashboard | D9: Dashboard cell P24 (top rejection villages) | E9: Pick a category from the drop-down list.
B10: Red / pink cell | C10: A problem or an overdue figure | D10: Check column not 0; pending beyond the time limit | E10: Red check = fix the typed figures. Red overdue = needs follow-up.
B12: 2. What each sheet does
B13: Sheet | C13: What it holds | D13: You type (blue) | E13: Calculated automatically (black)
B14: Dashboard | C14: One-page summary of everything, with 4 charts | D14: Only the category drop-down (P24) | E14: Headline figures, stream table, taluk heat table, Sep vs Aug, ageing, top villages, key points, charts
B15: How it works | C15: This guide | D15: — | E15: —
B16: NISD RURAL, NISD NATHAM, URBAN NISD | C16: Not Involving Subdivision applications by taluk / town | D16: Opening, Received, Transferred (Natham), Approved, Rejected, pending breakup | E16: Total, %, Disposed, Pending, Pending beyond limit, Check, Total row
B17: ISD RURAL, ISD NATHAM, URBAN ISD | C17: Involving Subdivision applications by taluk / town | D17: Same as above | E17: Same as above
B18: ISD VAO &NATHAM | C18: ISD Rural disposal split between surveyor and VAO | D18: Surveyor approved / rejected, VAO approved / rejected | E18: District figures (pulled from ISD RURAL by taluk name), %, totals, Check
B19: RURAL FL, NATHAM FL, URBAN FL | C19: F-Line applications by taluk / town | D19: Opening, Received, Accepted, Rejected, pending breakup (up to 5 months) | E19: Total, %, Disposed, Pending, Pending beyond limit, Check, Total row
B20: 4 × TOP 5 VILLAGES sheets | C20: Top 5 rejection villages per taluk (NISD/ISD, Rural/Natham) | D20: Village names and rejection counts | E20: Nothing on the sheet; the Dashboard ranks them
B21: cud -div, cdm-div, vdm-div | C21: Surveyor-wise disposal for each taluk in the 3 divisions | D21: Name, designation, OPT Rural/Natham, FL Rural/Natham, Aug-26 total | E21: Sep-26 total, Change, Total row, Average row, No. of surveyors
B22: urban | C22: Urban surveyor-wise disposal | D22: Taluk, town, name, ISD / NISD / FL disposal, Aug-26 total | E22: Sep-26 total, Change, taluk subtotals
B23: abstract | C23: Surveyor performance by taluk, Sep vs Aug | D23: Nothing (taluk names only) | E23: Disposal = division Total row + urban surveyors of that taluk; averages; change
B24: Checks | C24: Confirms the typed figures agree with each other | D24: Nothing | E24: OK / CHECK for every sheet, total number of issues
B25: Calc | C25: Helper tables used by the Dashboard (grey tab) | D25: Taluk list A15:A24 only (if a new taluk is added) | E25: Stream totals, taluk totals, sort keys, village lists
B27: 3. The formulas
B28: Figure | C28: Formula used | D28: Example (as written in the sheet) | E28: Notes
B29: Total | C29: Opening + Received (Natham sheets: − Transferred) | D29: =C5+D5 | E29: Transferred is applications sent out, so it is subtracted.
B30: Disposed | C30: Approved + Rejected | D30: =F5+H5 | E30: Called Accepted in the F-Line sheets.
B31: Approved % / Rejected % | C31: Approved ÷ Disposed, Rejected ÷ Disposed | D31: =IFERROR(F5/J5,0) | E31: Shows 0% instead of an error if nothing is disposed. The two always add to 100%.
B32: Pending | C32: Total − Disposed | D32: =E5-J5 | E32: Never typed, so it can never disagree with Total and Disposed.
B33: Pending beyond limit | C33: Sum of every breakup column after the first | D33: =SUM(M5:N5) | E33: Limit: 15 days for NISD, 1 month for ISD and F-Line.
B34: Check | C34: Pending − sum of pending breakup | D34: =K5-SUM(L5:N5) | E34: Must be 0. Anything else turns red and is counted on the Checks sheet.
B35: Total row | C35: Sum from the first data row to the row just above the Total row | D35: =SUM(C5:INDEX(C:C,ROW()-1)) | E35: Any row you insert above Total is included automatically.
B36: Surveyor Sep-26 total | C36: OPT Rural + OPT Natham + FL Rural + FL Natham | D36: =SUM(E4:H4) (cud -div) | E36: Change = Sep-26 − Aug-26.
B37: Surveyor average | C37: Taluk total ÷ number of surveyors | D37: =IFERROR(I11/$L11,0) | E37: No. of surveyors is counted automatically from the name column.
B38: Abstract disposal | C38: Division Total row + urban surveyors with the same taluk name | D38: ='cud -div'!I11+SUMIF(urban!$B:$B,$B5,urban!$I:$I) | E38: Average = disposal ÷ (division surveyors + urban surveyors).
B40: 4. How the Dashboard works
B41: Part | C41: What it shows | D41: How it is calculated
B42: Headline figures | C42: Applications handled, % disposed, pending, pending beyond time limit | D42: Sum of the Total rows of all 9 application sheets (via the Calc sheet)
B43: 1. Disposal by stream | C43: The 9 streams (NISD / ISD / F-Line × Rural / Natham / Urban), worst first | D43: Disposed ÷ Total from each sheet's Total row; re-sorted automatically with SMALL / INDEX / MATCH. Blue bar = disposal %
B44: 2. Taluk heat table | C44: Disposal % for each taluk in each Rural / Natham stream; taluks ranked by pending % | D44: SUMIF by taluk name on each sheet. Green = 75% or more disposed, amber = 50 to 75%, red = below 50%. Pending %: green up to 25%, amber to 50%, red above
B45: 3. Sep vs Aug | C45: Surveyor disposal per taluk, highest first, with change | D45: Taken from the abstract sheet. ▲ green = increase, ▼ red = decrease
B46: 4. Pending ageing | C46: Pending within vs beyond the time limit for each stream | D46: First breakup column = within limit; all later columns = beyond limit
B47: 5. Top rejection villages | C47: Top 8 villages for the category chosen in the yellow cell P24 | D47: Reads all 50 villages of the chosen TOP 5 sheet and ranks them by count
B48: Key points | C48: Six sentences that rewrite themselves | D48: Text formulas that join the latest figures; the last line shows the Checks result
B49: Charts | C49: 4 bar charts below the tables | D49: Linked to the Dashboard tables, so they redraw when figures change
B51: 5. Updating for a new month
B52: 1. Save a copy of this file under the new month's name.
B53: 2. In each application sheet, type the new Opening balance, Received, Transferred (Natham), Approved / Accepted, Rejected and the pending breakup (blue cells only).
B54: 3. In the TOP 5 VILLAGES sheets, type the new village names and counts in the same 5-per-taluk layout.
B55: 4. In cud -div, cdm-div, vdm-div and urban, type each surveyor's disposals and the previous month's total (Aug column).
B56: 5. Update the period text in row 1-2 of each sheet and on the Dashboard (cell O2).
B57: 6. Open the Checks sheet: every line should say OK. If one says CHECK, the typed pending breakup or surveyor/VAO split does not agree; correct it.
B58: 7. The Dashboard, abstract and charts are already up to date; print the Dashboard (A3 landscape is set).
B60: 6. Adding a new taluk, town or surveyor
B61: • Insert a new row just ABOVE the Total row of that table (right-click the Total row → Insert), copy the row above it into the new row, then type the new data over the blue cells.
B62: • Totals, averages, No. of surveyors, the abstract and the Dashboard include the new row automatically.
B63: • A brand-new taluk: also add its name to the taluk list on the Calc sheet (insert a row inside A15:A24) so it appears in the Dashboard heat table. Spell it exactly as in the data sheets.
... B73: In the original report these figures were typed by hand. Here they are calculated from the counts, so a typing or rounding slip cannot happen. Every other figure is exactly the same as in the original report.
B74: Figure | C74: Original report | D74: This workbook | E74: Why it is different
B75: URBAN NISD – Chidambaram rejected % | C75: 5.00% | D75: 13.58% | E75: 11 rejected out of 81 disposed = 13.58%. Approved % in the same row is 86.42%, and approved % + rejected % must add to 100%; 86.42% + 5.00% does not.
B76: NATHAM FL – Cuddalore rejected % | C76: 12.00% | D76: 11.43% | E76: 8 rejected out of 70 disposed = 11.43%. Accepted % is 88.57%; 88.57% + 12.00% = 100.57%, which is not possible.
B77: URBAN FL – rejected % | C77: Cuddalore 6.00%, Panruti 7.00%, Virudhachalam 6.00% | D77: 6.25%, 7.14%, 6.45% | E77: The original values were rounded when typed: 1 ÷ 16 = 6.25%, 1 ÷ 14 = 7.14%, 2 ÷ 31 = 6.45%.
B78: Bhuvanagiri – Sep-26 average per surveyor | C78: 106 | D78: 107.4 (shows 107) | E78: 537 disposals ÷ 5 surveyors = 107.4. The typed 106 does not match the sheet's own total.
B79: Kurinjipadi – Sep-26 average per surveyor | C79: 68 | D79: 68.6 (shows 69) | E79: 755 ÷ 11 surveyors = 68.6. The original cut off the decimal (68) instead of rounding; the other taluks were rounded normally.
B80: NISD RURAL – Total of 'Below 15 days' | C80: 1,444 | D80: 1,433 | E80: The original Total row was typed, not added up. Bhuvanagiri's row shows 125 but it has 136 pending (125 + 0 + 0 ≠ 136). 1,444 is correct only if Bhuvanagiri is 136; adding the 10 rows as typed gives 1,433. Fix Bhuvanagiri to 136 and the Total becomes 1,444 and the CHECK clears.

Sheet NISD RURAL
A1: NISD - RURAL REPORT WITH PERCENTAGE
A2: Periodicity:Date Range TRANSACTIONS FROM : 01-09-2026 - TO :30-09-2026 *
A3: S.No | B3: Taluk | C3: Opening balance as on 01.09.2026 | D3: Received | E3: Total | F3: Disposed | K3: Pending | L3: Pending breakup | O3: Pending beyond limit | P3: Check: pending − breakup (should be 0)
F4: Approved | G4: % | H4: Rejected | I4: % | J4: Total disposed | L4: Below 15 days | M4: Over 15 days | N4: Over 1 month
A5: 1 | B5: Bhuvanagiri | C5: 112 | D5: 420 | E5: =C5+D5 -> 532 | F5: 334 | G5: =IFERROR(F5/J5,0) -> 0.84343434 | H5: 62 | I5: =IFERROR(H5/J5,0) -> 0.15656566 | J5: =F5+H5 -> 396 | K5: =E5-J5 -> 136 | L5: 125 | M5: 0 | N5: 0 | O5: =SUM(M5:N5) -> 0 | P5: =K5-SUM(L5:N5) -> 11
A6: 2 | B6: Chidambaram | C6: 115 | D6: 540 | E6: =C6+D6 -> 655 | F6: 446 | G6: =IFERROR(F6/J6,0) -> 0.88667992 | H6: 57 | I6: =IFERROR(H6/J6,0) -> 0.11332008 | J6: =F6+H6 -> 503 | K6: =E6-J6 -> 152 | L6: 152 | M6: 0 | N6: 0 | O6: =SUM(M6:N6) -> 0 | P6: =K6-SUM(L6:N6) -> 0
A7: 3 | B7: Cuddalore | C7: 112 | D7: 553 | E7: =C7+D7 -> 665 | F7: 407 | G7: =IFERROR(F7/J7,0) -> 0.81563126 | H7: 92 | I7: =IFERROR(H7/J7,0) -> 0.18436874 | J7: =F7+H7 -> 499 | K7: =E7-J7 -> 166 | L7: 166 | M7: 0 | N7: 0 | O7: =SUM(M7:N7) -> 0 | P7: =K7-SUM(L7:N7) -> 0
A8: 4 | B8: Kattumannarkoil | C8: 159 | D8: 429 | E8: =C8+D8 -> 588 | F8: 412 | G8: =IFERROR(F8/J8,0) -> 0.89760349 | H8: 47 | I8: =IFERROR(H8/J8,0) -> 0.10239651 | J8: =F8+H8 -> 459 | K8: =E8-J8 -> 129 | L8: 129 | M8: 0 | N8: 0 | O8: =SUM(M8:N8) -> 0 | P8: =K8-SUM(L8:N8) -> 0
A9: 5 | B9: Kurinjipadi | C9: 185 | D9: 502 | E9: =C9+D9 -> 687 | F9: 432 | G9: =IFERROR(F9/J9,0) -> 0.85375494 | H9: 74 | I9: =IFERROR(H9/J9,0) -> 0.14624506 | J9: =F9+H9 -> 506 | K9: =E9-J9 -> 181 | L9: 181 | M9: 0 | N9: 0 | O9: =SUM(M9:N9) -> 0 | P9: =K9-SUM(L9:N9) -> 0
A10: 6 | B10: Panruti | C10: 215 | D10: 761 | E10: =C10+D10 -> 976 | F10: 558 | G10: =IFERROR(F10/J10,0) -> 0.77607789 | H10: 161 | I10: =IFERROR(H10/J10,0) -> 0.22392211 | J10: =F10+H10 -> 719 | K10: =E10-J10 -> 257 | L10: 248 | M10: 9 | N10: 0 | O10: =SUM(M10:N10) -> 9 | P10: =K10-SUM(L10:N10) -> 0
A11: 7 | B11: Srimushnam | C11: 88 | D11: 247 | E11: =C11+D11 -> 335 | F11: 236 | G11: =IFERROR(F11/J11,0) -> 0.91472868 | H11: 22 | I11: =IFERROR(H11/J11,0) -> 0.085271318 | J11: =F11+H11 -> 258 | K11: =E11-J11 -> 77 | L11: 77 | M11: 0 | N11: 0 | O11: =SUM(M11:N11) -> 0 | P11: =K11-SUM(L11:N11) -> 0
A12: 8 | B12: Titagudi | C12: 190 | D12: 634 | E12: =C12+D12 -> 824 | F12: 578 | G12: =IFERROR(F12/J12,0) -> 0.86011905 | H12: 94 | I12: =IFERROR(H12/J12,0) -> 0.13988095 | J12: =F12+H12 -> 672 | K12: =E12-J12 -> 152 | L12: 152 | M12: 0 | N12: 0 | O12: =SUM(M12:N12) -> 0 | P12: =K12-SUM(L12:N12) -> 0
A13: 9 | B13: Veppur | C13: 199 | D13: 524 | E13: =C13+D13 -> 723 | F13: 488 | G13: =IFERROR(F13/J13,0) -> 0.900369 | H13: 54 | I13: =IFERROR(H13/J13,0) -> 0.099630996 | J13: =F13+H13 -> 542 | K13: =E13-J13 -> 181 | L13: 180 | M13: 1 | N13: 0 | O13: =SUM(M13:N13) -> 1 | P13: =K13-SUM(L13:N13) -> 0
A14: 10 | B14: Vridhachalam | C14: 226 | D14: 527 | E14: =C14+D14 -> 753 | F14: 615 | G14: =IFERROR(F14/J14,0) -> 0.84246575 | H14: 115 | I14: =IFERROR(H14/J14,0) -> 0.15753425 | J14: =F14+H14 -> 730 | K14: =E14-J14 -> 23 | L14: 23 | M14: 0 | N14: 0 | O14: =SUM(M14:N14) -> 0 | P14: =K14-SUM(L14:N14) -> 0
B15: Total | C15: =SUM(C5:INDEX(C:C,ROW()-1)) -> 1601 | D15: =SUM(D5:INDEX(D:D,ROW()-1)) -> 5137 | E15: =C15+D15 -> 6738 | F15: =SUM(F5:INDEX(F:F,ROW()-1)) -> 4506 | G15: =IFERROR(F15/J15,0) -> 0.85276306 | H15: =SUM(H5:INDEX(H:H,ROW()-1)) -> 778 | I15: =IFERROR(H15/J15,0) -> 0.14723694 | J15: =F15+H15 -> 5284 | K15: =E15-J15 -> 1454 | L15: =SUM(L5:INDEX(L:L,ROW()-1)) -> 1433 | M15: =SUM(M5:INDEX(M:M,ROW()-1)) -> 10 | N15: =SUM(N5:INDEX(N:N,ROW()-1)) -> 0 | O15: =SUM(M15:N15) -> 10 | P15: =K15-SUM(L15:N15) -> 11
A17: Blue = typed data (edit these). Black = formula (do not type over). To add a taluk/town: insert a row ABOVE the Total row and copy the row above it; totals, checks and the Dashboard update automatically.

Sheet NISD RURAL TOP 5 REJECTION VILL
A1: TALUK WISE TOP 5 VAO VILLAGE REJECTION COUNT(NISD - RURAL) 01.09.2026 TO 30.09.2026
A2: S.No | B2: Taluk | C2: Village name | D2: Rejection count | E2: S.No | F2: Taluk | G2: Village name | H2: Rejection count
A3: 1 | B3: BHUVANAGIRI | C3: PINNALUR | D3: 7 | E3: 1 | F3: VRIDHACHALAM | G3: ERUMANR | H3: 6
A4: 2 | C4: ARIYAKOSTI | D4: 6 | E4: 2 | G4: MUTHANAI | H4: 6
A5: 3 | C5: MANJAKUZHI | D5: 6 | E5: 3 | G5: PERIYAVADAVADI | H5: 5
A6: 4 | C6: AGARAM | D6: 4 | E6: 4 | G6: AMMERI | H6: 4
A7: 5 | C7: MIRALUR | D7: 4 | E7: 5 | G7: ARASAKUZHI | H7: 4
A8: 1 | B8: CHIDAMBARAM | C8: KEEZHANUVAMPATTU | D8: 4 | E8: 1 | F8: VEPPUR | G8: IVATHUKUDI | H8: 5
A9: 2 | C9: B.MADUVANKARI | D9: 3 | E9: 2 | G9: JA.ENDHAL | H9: 4
A10: 3 | C10: MEDHIKUDI | D10: 3 | E10: 3 | G10: K.KOTHANUR | H10: 4
A11: 4 | C11: USUPUR | D11: 2 | E11: 4 | G11: THIRUPAYAR | H11: 4
A12: 5 | C12: UTHAMANCHOZHAMANGALAM | D12: 2 | E12: 5 | G12: ORANGUR | H12: 3
A13: 1 | B13: CUDDALORE | C13: KOTHANDARAMPURAM | D13: 6 | E13: 1 | F13: TITAKUDI | G13: PENNADAM | H13: 6
A14: 2 | C14: VELLAKARAI | D14: 6 | E14: 2 | G14: ERAIYUR | H14: 5
A15: 3 | C15: THIRUVANDHIPURAM | D15: 6 | E15: 3 | G15: VENKARUMBUR | H15: 5
A16: 4 | C16: KONDUR | D16: 4 | E16: 4 | G16: IRULAMPATTU | H16: 5
A17: 5 | C17: ARISIPERIYANKUPPAM | D17: 3 | E17: 5 | G17: THOZHTHUR | H17: 4
A18: 1 | B18: PANRUTI | C18: VEGAKOLLAI | D18: 21 | E18: 1 | F18: KATTUMANNARKOIL | G18: KUNAVASAL | H18: 4
A19: 2 | C19: VALLAM | D19: 14 | E19: 2 | G19: KARUNAKARANALLUR | H19: 3
A20: 3 | C20: MELMAMPATTU | D20: 9 | E20: 3 | G20: KURUNKUDI | H20: 3
A21: 4 | C21: MARUNGUR | D21: 8 | E21: 4 | G21: MELPAKATHURAI | H21: 3
A22: 5 | C22: SILAMBIANATHAPETTAI | D22: 7 | E22: 5 | G22: VEERANATHAPURAM | H22: 3
A23: 1 | B23: KURINJIPADI | C23: VADAKUTHU | D23: 10 | E23: 1 | F23: SRIMUSHNAM | G23: KAVANOOR | H23: 3
A24: 2 | C24: PARVATHIPURAM | D24: 9 | E24: 2 | G24: MARUNGUR | H24: 2
A25: 3 | C25: KEEZHUR | D25: 8 | E25: 3 | G25: NAGARAPPADI | H25: 2
A26: 4 | C26: VAZHUTHALAMPATTU | D26: 5 | E26: 4 | G26: VALLIYAM | H26: 2
A27: 5 | C27: PEIYAKKANATHAM | D27: 4 | E27: 5 | G27: SRINEDUCHERRY | H27: 2
A29: Blue = typed data. Keep the same layout (5 villages per taluk, taluk name on the first row of each block); the Dashboard's top-villages list reads rows 3 to 27.

Sheet NISD NATHAM
A1: NATHAM NISD OPT Report - 01-10-2026
A2: NO. OF Not Involving Subdivision APPLICATION FROM : 01-09-2026 - TO : 30-09-2026 *
A3: S.No | B3: Taluk | C3: Opening balance as on 01.09.2026 | D3: Received | E3: Transferred (out) | F3: Total | G3: Disposed | L3: Pending | M3: Pending breakup | P3: Pending beyond limit | Q3: Check: pending − breakup (should be 0)
G4: Approved | H4: % | I4: Rejected | J4: % | K4: Total disposed | M4: Below 15 days | N4: Over 15 days | O4: Over 1 month
A5: 1 | B5: Bhuvanagiri | C5: 101 | D5: 241 | E5: 4 | F5: =C5+D5-E5 -> 338 | G5: 181 | H5: =IFERROR(G5/K5,0) -> 0.70980392 | I5: 74 | J5: =IFERROR(I5/K5,0) -> 0.29019608 | K5: =G5+I5 -> 255 | L5: =F5-K5 -> 83 | M5: 83 | N5: 0 | O5: 0 | P5: =SUM(N5:O5) -> 0 | Q5: =L5-SUM(M5:O5) -> 0
A6: 2 | B6: Chidambaram | C6: 76 | D6: 244 | E6: 3 | F6: =C6+D6-E6 -> 317 | G6: 199 | H6: =IFERROR(G6/K6,0) -> 0.85775862 | I6: 33 | J6: =IFERROR(I6/K6,0) -> 0.14224138 | K6: =G6+I6 -> 232 | L6: =F6-K6 -> 85 | M6: 85 | N6: 0 | O6: 0 | P6: =SUM(N6:O6) -> 0 | Q6: =L6-SUM(M6:O6) -> 0
A7: 3 | B7: Cuddalore | C7: 68 | D7: 181 | E7: 10 | F7: =C7+D7-E7 -> 239 | G7: 139 | H7: =IFERROR(G7/K7,0) -> 0.79885057 | I7: 35 | J7: =IFERROR(I7/K7,0) -> 0.20114943 | K7: =G7+I7 -> 174 | L7: =F7-K7 -> 65 | M7: 65 | N7: 0 | O7: 0 | P7: =SUM(N7:O7) -> 0 | Q7: =L7-SUM(M7:O7) -> 0
A8: 4 | B8: Kattumannarkoil | C8: 85 | D8: 156 | E8: 9 | F8: =C8+D8-E8 -> 232 | G8: 142 | H8: =IFERROR(G8/K8,0) -> 0.85542169 | I8: 24 | J8: =IFERROR(I8/K8,0) -> 0.14457831 | K8: =G8+I8 -> 166 | L8: =F8-K8 -> 66 | M8: 66 | N8: 0 | O8: 0 | P8: =SUM(N8:O8) -> 0 | Q8: =L8-SUM(M8:O8) -> 0
A9: 5 | B9: Kurinjipadi | C9: 101 | D9: 146 | E9: 6 | F9: =C9+D9-E9 -> 241 | G9: 162 | H9: =IFERROR(G9/K9,0) -> 0.84816754 | I9: 29 | J9: =IFERROR(I9/K9,0) -> 0.15183246 | K9: =G9+I9 -> 191 | L9: =F9-K9 -> 50 | M9: 50 | N9: 0 | O9: 0 | P9: =SUM(N9:O9) -> 0 | Q9: =L9-SUM(M9:O9) -> 0
A10: 6 | B10: Panruti | C10: 111 | D10: 288 | E10: 10 | F10: =C10+D10-E10 -> 389 | G10: 228 | H10: =IFERROR(G10/K10,0) -> 0.78082192 | I10: 64 | J10: =IFERROR(I10/K10,0) -> 0.21917808 | K10: =G10+I10 -> 292 | L10: =F10-K10 -> 97 | M10: 97 | N10: 0 | O10: 0 | P10: =SUM(N10:O10) -> 0 | Q10: =L10-SUM(M10:O10) -> 0
A11: 7 | B11: Srimushnam | C11: 42 | D11: 83 | E11: 0 | F11: =C11+D11-E11 -> 125 | G11: 81 | H11: =IFERROR(G11/K11,0) -> 0.89010989 | I11: 10 | J11: =IFERROR(I11/K11,0) -> 0.10989011 | K11: =G11+I11 -> 91 | L11: =F11-K11 -> 34 | M11: 34 | N11: 0 | O11: 0 | P11: =SUM(N11:O11) -> 0 | Q11: =L11-SUM(M11:O11) -> 0
A12: 8 | B12: Titagudi | C12: 119 | D12: 241 | E12: 7 | F12: =C12+D12-E12 -> 353 | G12: 252 | H12: =IFERROR(G12/K12,0) -> 0.89361702 | I12: 30 | J12: =IFERROR(I12/K12,0) -> 0.10638298 | K12: =G12+I12 -> 282 | L12: =F12-K12 -> 71 | M12: 71 | N12: 0 | O12: 0 | P12: =SUM(N12:O12) -> 0 | Q12: =L12-SUM(M12:O12) -> 0
A13: 9 | B13: Veppur | C13: 79 | D13: 151 | E13: 3 | F13: =C13+D13-E13 -> 227 | G13: 149 | H13: =IFERROR(G13/K13,0) -> 0.85632184 | I13: 25 | J13: =IFERROR(I13/K13,0) -> 0.14367816 | K13: =G13+I13 -> 174 | L13: =F13-K13 -> 53 | M13: 53 | N13: 0 | O13: 0 | P13: =SUM(N13:O13) -> 0 | Q13: =L13-SUM(M13:O13) -> 0
A14: 10 | B14: Vridhachalam | C14: 111 | D14: 303 | E14: 4 | F14: =C14+D14-E14 -> 410 | G14: 218 | H14: =IFERROR(G14/K14,0) -> 0.81954887 | I14: 48 | J14: =IFERROR(I14/K14,0) -> 0.18045113 | K14: =G14+I14 -> 266 | L14: =F14-K14 -> 144 | M14: 144 | N14: 0 | O14: 0 | P14: =SUM(N14:O14) -> 0 | Q14: =L14-SUM(M14:O14) -> 0
B15: Total | C15: =SUM(C5:INDEX(C:C,ROW()-1)) -> 893 | D15: =SUM(D5:INDEX(D:D,ROW()-1)) -> 2034 | E15: =SUM(E5:INDEX(E:E,ROW()-1)) -> 56 | F15: =C15+D15-E15 -> 2871 | G15: =SUM(G5:INDEX(G:G,ROW()-1)) -> 1751 | H15: =IFERROR(G15/K15,0) -> 0.82477626 | I15: =SUM(I5:INDEX(I:I,ROW()-1)) -> 372 | J15: =IFERROR(I15/K15,0) -> 0.17522374 | K15: =G15+I15 -> 2123 | L15: =F15-K15 -> 748 | M15: =SUM(M5:INDEX(M:M,ROW()-1)) -> 748 | N15: =SUM(N5:INDEX(N:N,ROW()-1)) -> 0 | O15: =SUM(O5:INDEX(O:O,ROW()-1)) -> 0 | P15: =SUM(N15:O15) -> 0 | Q15: =L15-SUM(M15:O15) -> 0
A17: Blue = typed data (edit these). Black = formula (do not type over). To add a taluk/town: insert a row ABOVE the Total row and copy the row above it; totals, checks and the Dashboard update automatically.

Sheet NISD NATHAM TOP 5 REJECTION VIL
A1: TALUK WISE TOP 5 VAO VILLAGE REJECTION COUNT(NISD -NATHAM) 01.09.2026 TO 30.09.2026
A2: S.No | B2: Taluk | C2: Village name | D2: Rejection count | E2: S.No | F2: Taluk | G2: Village name | H2: Rejection count
A3: 1 | B3: BHUVANAGIRI | C3: Parangipettai | D3: 12 | E3: 1 | F3: VRIDHACHALAM | G3: Puliyur | H3: 4
A4: 2 | C4: Periyapattu | D4: 9 | E4: 2 | G4: Karuveppilankurichi | H4: 3
A5: 3 | C5: Manjakuzhi | D5: 9 | E5: 3 | G5: Komangalam | H5: 3
A6: 4 | C6: Poovalai West | D6: 4 | E6: 4 | G6: Kottumunai | H6: 3
A7: 5 | C7: Ariyakoshti | D7: 3 | E7: 5 | G7: Mangalam Ko | H7: 3
A8: 1 | B8: CHIDAMBARAM | C8: Usupur | D8: 5 | E8: 1 | F8: VEPPUR | G8: Ja.Endhal | H8: 4
A9: 2 | C9: Mugaiyur | D9: 3 | E9: 2 | G9: Sirupakkam | H9: 4
A10: 3 | C10: B.Maduvankarai | D10: 2 | E10: 3 | G10: Sirunesalur | H10: 4
A11: 4 | C11: C.Thandeawaranallur | D11: 2 | E11: 4 | G11: Mangalur | H11: 2
A12: 5 | C12: Keezhnatham | D12: 2 | E12: 5 | G12: Nagar | H12: 2
A13: 1 | B13: CUDDALORE | C13: Karamanikuppam | D13: 4 | E13: 1 | F13: TITAKUDI | G13: Venkarumbur | H13: 3
A14: 2 | C14: Ramapuram | D14: 4 | E14: 2 | G14: Leckur | H14: 2
A15: 3 | C15: Naduveerapattu | D15: 3 | E15: 3 | G15: Pennadam | H15: 2
A16: 4 | C16: Mathalapatti | D16: 3 | E16: 4 | G16: pattur | H16: 1
A17: 5 | C17: Vellakarai | D17: 2 | E17: 5 | G17: Pasar | H17: 1
A18: 1 | B18: PANRUTI | C18: Vallam | D18: 8 | E18: 1 | F18: KATTUMANNARKOIL | G18: Lalpeetai | H18: 3
A19: 2 | C19: Nadukuppam | D19: 7 | E19: 2 | G19: Rayanallur | H19: 2
A20: 3 | C20: Visur | D20: 5 | E20: 3 | G20: Mannarkudi | H20: 2
A21: 4 | C21: Vegakollai | D21: 4 | E21: 4 | G21: Chettithangal | H21: 2
A22: 5 | C22: Kilkangayankuppam | D22: 4 | E22: 5 | G22: Udiyakudi | H22: 2
A23: 1 | B23: KURINJIPADI | C23: Parvathipuram | D23: 3 | E23: 1 | F23: SRIMUSHNAM | G23: Kavanoor | H23: 3
A24: 2 | C24: Ambalavananpettai | D24: 2 | E24: 2 | G24: Devangudi | H24: 1
A25: 3 | C25: Ellapenpettai | D25: 2 | E25: 3 | G25: Srivakkaramari | H25: 1
A26: 4 | C26: Kundiyamallur North | D26: 2 | E26: 4 | G26: Srineduncherry | H26: 1
A27: 5 | C27: AdurAgram | D27: 2 | E27: 5 | G27: Ramapuram | H27: 1
A29: Blue = typed data. Keep the same layout (5 villages per taluk, taluk name on the first row of each block); the Dashboard's top-villages list reads rows 3 to 27.

Sheet URBAN NISD
A1: Cuddalore District URBAN NISD Application Progress (01.09.2026 to 30.09.2026)
A2: S No. Taluk Town Opening Balance Receipt Total Disposed Pending < 15 Days > 15 Days Over 1 Month
A3: S.No | B3: Taluk | C3: Town | D3: Opening balance | E3: Received | F3: Total | G3: Disposed | L3: Pending | M3: Pending breakup | P3: Pending beyond limit | Q3: Check: pending − breakup (should be 0)
G4: Approved | H4: % | I4: Rejected | J4: % | K4: Total disposed | M4: < 15 days | N4: > 15 days | O4: Over 1 month
A5: 1 | B5: Chidambaram | C5: Chidambaram | D5: 34 | E5: 64 | F5: =D5+E5 -> 98 | G5: 70 | H5: =IFERROR(G5/K5,0) -> 0.86419753 | I5: 11 | J5: =IFERROR(I5/K5,0) -> 0.13580247 | K5: =G5+I5 -> 81 | L5: =F5-K5 -> 17 | M5: 17 | N5: 0 | O5: 0 | P5: =SUM(N5:O5) -> 0 | Q5: =L5-SUM(M5:O5) -> 0
A6: 2 | B6: Cuddalore | C6: Cuddalore | D6: 69 | E6: 177 | F6: =D6+E6 -> 246 | G6: 140 | H6: =IFERROR(G6/K6,0) -> 0.78212291 | I6: 39 | J6: =IFERROR(I6/K6,0) -> 0.21787709 | K6: =G6+I6 -> 179 | L6: =F6-K6 -> 67 | M6: 67 | N6: 0 | O6: 0 | P6: =SUM(N6:O6) -> 0 | Q6: =L6-SUM(M6:O6) -> 0
A7: 3 | B7: Panruti | C7: Nellikuppam | D7: 25 | E7: 123 | F7: =D7+E7 -> 148 | G7: 99 | H7: =IFERROR(G7/K7,0) -> 0.88392857 | I7: 13 | J7: =IFERROR(I7/K7,0) -> 0.11607143 | K7: =G7+I7 -> 112 | L7: =F7-K7 -> 36 | M7: 36 | N7: 0 | O7: 0 | P7: =SUM(N7:O7) -> 0 | Q7: =L7-SUM(M7:O7) -> 0
A8: 4 | B8: Panruti | C8: Panruti | D8: 7 | E8: 160 | F8: =D8+E8 -> 167 | G8: 149 | H8: =IFERROR(G8/K8,0) -> 0.89221557 | I8: 18 | J8: =IFERROR(I8/K8,0) -> 0.10778443 | K8: =G8+I8 -> 167 | L8: =F8-K8 -> 0 | M8: 0 | N8: 0 | O8: 0 | P8: =SUM(N8:O8) -> 0 | Q8: =L8-SUM(M8:O8) -> 0
A9: 5 | B9: Virudhachalam | C9: Virudhachalam | D9: 131 | E9: 234 | F9: =D9+E9 -> 365 | G9: 208 | H9: =IFERROR(G9/K9,0) -> 0.79389313 | I9: 54 | J9: =IFERROR(I9/K9,0) -> 0.20610687 | K9: =G9+I9 -> 262 | L9: =F9-K9 -> 103 | M9: 103 | N9: 0 | O9: 0 | P9: =SUM(N9:O9) -> 0 | Q9: =L9-SUM(M9:O9) -> 0
B10: District Wise Total | D10: =SUM(D5:INDEX(D:D,ROW()-1)) -> 266 | E10: =SUM(E5:INDEX(E:E,ROW()-1)) -> 758 | F10: =D10+E10 -> 1024 | G10: =SUM(G5:INDEX(G:G,ROW()-1)) -> 666 | H10: =IFERROR(G10/K10,0) -> 0.83146067 | I10: =SUM(I5:INDEX(I:I,ROW()-1)) -> 135 | J10: =IFERROR(I10/K10,0) -> 0.16853933 | K10: =G10+I10 -> 801 | L10: =F10-K10 -> 223 | M10: =SUM(M5:INDEX(M:M,ROW()-1)) -> 223 | N10: =SUM(N5:INDEX(N:N,ROW()-1)) -> 0 | O10: =SUM(O5:INDEX(O:O,ROW()-1)) -> 0 | P10: =SUM(N10:O10) -> 0 | Q10: =L10-SUM(M10:O10) -> 0
A12: Blue = typed data (edit these). Black = formula (do not type over). To add a taluk/town: insert a row ABOVE the Total row and copy the row above it; totals, checks and the Dashboard update automatically.

Sheet ISD RURAL
A1: RURAL ISD REPORT WITH PERCENTAGE AS ON : 01-10-2026
A2: Periodicity : Date Range TRANSACTIONS FROM : 01-09-2026 - TO :30-09-2026 *
A3: S.No | B3: Division | C3: Taluk | D3: Opening balance on 01.09.2026 | E3: Received | F3: Total | G3: Disposed | L3: Pending | M3: Pending breakup | P3: Pending beyond limit | Q3: Check: pending − breakup (should be 0)
G4: Approved | H4: % | I4: Rejected | J4: % | K4: Total disposed | M4: Below 1 month | N4: Over 1 month | O4: Over 2 months
A5: 1 | B5: CUDDALORE | C5: Cuddalore | D5: 454 | E5: 515 | F5: =D5+E5 -> 969 | G5: 493 | H5: =IFERROR(G5/K5,0) -> 0.81085526 | I5: 115 | J5: =IFERROR(I5/K5,0) -> 0.18914474 | K5: =G5+I5 -> 608 | L5: =F5-K5 -> 361 | M5: 361 | N5: 0 | O5: 0 | P5: =SUM(N5:O5) -> 0 | Q5: =L5-SUM(M5:O5) -> 0
A6: 2 | B6: CUDDALORE | C6: Panruti | D6: 515 | E6: 515 | F6: =D6+E6 -> 1030 | G6: 430 | H6: =IFERROR(G6/K6,0) -> 0.81439394 | I6: 98 | J6: =IFERROR(I6/K6,0) -> 0.18560606 | K6: =G6+I6 -> 528 | L6: =F6-K6 -> 502 | M6: 488 | N6: 14 | O6: 0 | P6: =SUM(N6:O6) -> 14 | Q6: =L6-SUM(M6:O6) -> 0
A7: 3 | B7: CUDDALORE | C7: Kurinjipadi | D7: 352 | E7: 560 | F7: =D7+E7 -> 912 | G7: 400 | H7: =IFERROR(G7/K7,0) -> 0.79840319 | I7: 101 | J7: =IFERROR(I7/K7,0) -> 0.20159681 | K7: =G7+I7 -> 501 | L7: =F7-K7 -> 411 | M7: 406 | N7: 5 | O7: 0 | P7: =SUM(N7:O7) -> 5 | Q7: =L7-SUM(M7:O7) -> 0
A8: 4 | B8: CHIDAMBARAM | C8: Chidambaram | D8: 353 | E8: 495 | F8: =D8+E8 -> 848 | G8: 391 | H8: =IFERROR(G8/K8,0) -> 0.83191489 | I8: 79 | J8: =IFERROR(I8/K8,0) -> 0.16808511 | K8: =G8+I8 -> 470 | L8: =F8-K8 -> 378 | M8: 378 | N8: 0 | O8: 0 | P8: =SUM(N8:O8) -> 0 | Q8: =L8-SUM(M8:O8) -> 0
A9: 5 | B9: CHIDAMBARAM | C9: Bhuvanagiri | D9: 295 | E9: 323 | F9: =D9+E9 -> 618 | G9: 266 | H9: =IFERROR(G9/K9,0) -> 0.82352941 | I9: 57 | J9: =IFERROR(I9/K9,0) -> 0.17647059 | K9: =G9+I9 -> 323 | L9: =F9-K9 -> 295 | M9: 286 | N9: 9 | O9: 0 | P9: =SUM(N9:O9) -> 9 | Q9: =L9-SUM(M9:O9) -> 0
A10: 6 | B10: CHIDAMBARAM | C10: Srimushnam | D10: 114 | E10: 141 | F10: =D10+E10 -> 255 | G10: 126 | H10: =IFERROR(G10/K10,0) -> 0.91970803 | I10: 11 | J10: =IFERROR(I10/K10,0) -> 0.080291971 | K10: =G10+I10 -> 137 | L10: =F10-K10 -> 118 | M10: 117 | N10: 1 | O10: 0 | P10: =SUM(N10:O10) -> 1 | Q10: =L10-SUM(M10:O10) -> 0
A11: 7 | B11: CHIDAMBARAM | C11: Kattumannarkoil | D11: 300 | E11: 388 | F11: =D11+E11 -> 688 | G11: 314 | H11: =IFERROR(G11/K11,0) -> 0.90751445 | I11: 32 | J11: =IFERROR(I11/K11,0) -> 0.092485549 | K11: =G11+I11 -> 346 | L11: =F11-K11 -> 342 | M11: 336 | N11: 6 | O11: 0 | P11: =SUM(N11:O11) -> 6 | Q11: =L11-SUM(M11:O11) -> 0
A12: 8 | B12: VRIDHACHALAM | C12: Vridhachalam | D12: 412 | E12: 457 | F12: =D12+E12 -> 869 | G12: 364 | H12: =IFERROR(G12/K12,0) -> 0.8161435 | I12: 82 | J12: =IFERROR(I12/K12,0) -> 0.1838565 | K12: =G12+I12 -> 446 | L12: =F12-K12 -> 423 | M12: 423 | N12: 0 | O12: 0 | P12: =SUM(N12:O12) -> 0 | Q12: =L12-SUM(M12:O12) -> 0
A13: 9 | B13: VRIDHACHALAM | C13: Titagudi | D13: 277 | E13: 250 | F13: =D13+E13 -> 527 | G13: 215 | H13: =IFERROR(G13/K13,0) -> 0.87044534 | I13: 32 | J13: =IFERROR(I13/K13,0) -> 0.12955466 | K13: =G13+I13 -> 247 | L13: =F13-K13 -> 280 | M13: 280 | N13: 0 | O13: 0 | P13: =SUM(N13:O13) -> 0 | Q13: =L13-SUM(M13:O13) -> 0
A14: 10 | B14: VRIDHACHALAM | C14: Veppur | D14: 343 | E14: 326 | F14: =D14+E14 -> 669 | G14: 292 | H14: =IFERROR(G14/K14,0) -> 0.85630499 | I14: 49 | J14: =IFERROR(I14/K14,0) -> 0.14369501 | K14: =G14+I14 -> 341 | L14: =F14-K14 -> 328 | M14: 326 | N14: 2 | O14: 0 | P14: =SUM(N14:O14) -> 2 | Q14: =L14-SUM(M14:O14) -> 0
C15: Total | D15: =SUM(D5:INDEX(D:D,ROW()-1)) -> 3415 | E15: =SUM(E5:INDEX(E:E,ROW()-1)) -> 3970 | F15: =D15+E15 -> 7385 | G15: =SUM(G5:INDEX(G:G,ROW()-1)) -> 3291 | H15: =IFERROR(G15/K15,0) -> 0.83379782 | I15: =SUM(I5:INDEX(I:I,ROW()-1)) -> 656 | J15: =IFERROR(I15/K15,0) -> 0.16620218 | K15: =G15+I15 -> 3947 | L15: =F15-K15 -> 3438 | M15: =SUM(M5:INDEX(M:M,ROW()-1)) -> 3401 | N15: =SUM(N5:INDEX(N:N,ROW()-1)) -> 37 | O15: =SUM(O5:INDEX(O:O,ROW()-1)) -> 0 | P15: =SUM(N15:O15) -> 37 | Q15: =L15-SUM(M15:O15) -> 0
A17: Blue = typed data (edit these). Black = formula (do not type over). To add a taluk/town: insert a row ABOVE the Total row and copy the row above it; totals, checks and the Dashboard update automatically.

Sheet ISD RURAL TOP 5VILLAGES
A1: TALUK WISE TOP 5 VAO VILLAGE REJECTION COUNT(ISD - RURAL) 01.09.2026 to 30.09.2026
A2: S.No | B2: Taluk | C2: Village name | D2: Rejection count | E2: S.No | F2: Taluk | G2: Village name | H2: Rejection count
A3: 1 | B3: BHUVANAGIRI | C3: ARIYAKOSHTI | D3: 9 | E3: 1 | F3: VRIDHACHALAM | G3: KAMMAPURAM | H3: 6
A4: 2 | C4: PINNALUR | D4: 4 | E4: 2 | G4: KARKUDAL | H4: 4
A5: 3 | C5: SATHAPPADI | D5: 3 | E5: 3 | G5: EDAIYUR | H5: 4
A6: 4 | C6: SETHIYATHOPE | D6: 3 | E6: 4 | G6: CHINNAPARUR | H6: 3
A7: 5 | C7: VADAKRISHNAPURAM | D7: 3 | E7: 5 | G7: M.AGARAM | H7: 3
A8: 1 | B8: CHIDAMBARAM | C8: C.KOTHANKUDI | D8: 6 | E8: 1 | F8: VEPPUR | G8: NAGAR | H8: 5
A9: 2 | C9: PARAMESHVARANALLUR | D9: 6 | E9: 2 | G9: SEPPAKKAM | H9: 4
A10: 3 | C10: LALPURAM | D10: 5 | E10: 3 | G10: SIRUNASALUR | H10: 4
A11: 4 | C11: MTIKUDI | D11: 5 | E11: 4 | G11: PODAIYUR | H11: 3
A12: 5 | C12: USUPPUR | D12: 5 | E12: 5 | G12: IVADHUKUDI | H12: 3
A13: 1 | B13: CUDDALORE | C13: VELLAKARAI | D13: 10 | E13: 1 | F13: TITAKUDI | G13: THOZHUTUR | H13: 5
A14: 2 | C14: NATHAPATTU | D14: 7 | E14: 2 | G14: MALIGAIKOTTAM | H14: 3
A15: 3 | C15: NADUVEERAPATTU | D15: 6 | E15: 3 | G15: M.PUDAIYUR | H15: 3
A16: 4 | C16: PACHAIYANKUPPAM | D16: 5 | E16: 4 | G16: RAMANATHAM | H16: 3
A17: 5 | C17: SEDDAPALAYAM | D17: 4 | E17: 5 | G17: THACHUR | H17: 2
A18: 1 | B18: PANRUTI | C18: VEGAKOLLAI | D18: 10 | E18: 1 | F18: KATTUMANNARKOIL | G18: LALPETTAI | H18: 4
A19: 2 | C19: MALIGAMPATTU | D19: 9 | E19: 2 | G19: MELAPAKKATHURAI | H19: 3
A20: 3 | C20: SILAMBINATHANPETTAI | D20: 5 | E20: 3 | G20: THIRUMOOLASTHANAM | H20: 2
A21: 4 | C21: MARUNGUR | D21: 5 | E21: 4 | G21: KUPPAPILLAICHAVADI | H21: 2
A22: 5 | C22: MELMAMPATTU | D22: 4 | E22: 5 | G22: VEERANANALLUR | H22: 2
A23: 1 | B23: KURINJIPADI | C23: VADAKUTHU | D23: 18 | E23: 1 | F23: SRIMUSHNAM | G23: CHOLATHARAM | H23: 4
A24: 2 | C24: VAZUTHALAMPATTU | D24: 8 | E24: 2 | G24: MATHAKALIRMANIKAM | H24: 2
A25: 3 | C25: SERAKUPPAM | D25: 7 | E25: 3 | G25: SRINEDUCHERRY | H25: 1
A26: 4 | C26: PARVATHIPURAM | D26: 6 | E26: 4 | G26: NANGUDI | H26: 1
A27: 5 | C27: KANNADY | D27: 6 | E27: 5 | G27: PALAYAMKOTTIKEELPATHI | H27: 1
A29: Blue = typed data. Keep the same layout (5 villages per taluk, taluk name on the first row of each block); the Dashboard's top-villages list reads rows 3 to 27.

Sheet ISD VAO &NATHAM 
A1: RURAL ISD REPORT WITH PERCENTAGE AS ON : 01-10-2026 (surveyor vs VAO)
A2: Periodicity : Date Range TRANSACTIONS FROM : 01-09-2026 - TO : 30-09-2026 *
A3: S.No | B3: Taluk | C3: District total (from ISD RURAL) | K3: Pending | L3: Surveyor | Q3: VAO | V3: Check: surveyor + VAO − district (should be 0)
C4: Opening balance | D4: Received | E4: Total | F4: Approved | G4: % | H4: Rejected | I4: % | J4: Total disposed | L4: Approved | M4: % | N4: Rejected | O4: % | P4: Total disposed | Q4: Approved | R4: % | S4: Rejected | T4: % | U4: Total disposed
A5: 1 | B5: Cuddalore | C5: =SUMIF('ISD RURAL'!$C:$C,$B5,'ISD RURAL'!$D:$D) -> 454 | D5: =SUMIF('ISD RURAL'!$C:$C,$B5,'ISD RURAL'!$E:$E) -> 515 | E5: =SUMIF('ISD RURAL'!$C:$C,$B5,'ISD RURAL'!$F:$F) -> 969 | F5: =SUMIF('ISD RURAL'!$C:$C,$B5,'ISD RURAL'!$G:$G) -> 493 | G5: =IFERROR(F5/J5,0) -> 0.81085526 | H5: =SUMIF('ISD RURAL'!$C:$C,$B5,'ISD RURAL'!$I:$I) -> 115 | I5: =IFERROR(H5/J5,0) -> 0.18914474 | J5: =SUMIF('ISD RURAL'!$C:$C,$B5,'ISD RURAL'!$K:$K) -> 608 | K5: =SUMIF('ISD RURAL'!$C:$C,$B5,'ISD RURAL'!$L:$L) -> 361 | L5: 457 | M5: =IFERROR(L5/$J5,0) -> 0.75164474 | N5: 99 | O5: =IFERROR(N5/$J5,0) -> 0.16282895 | P5: =L5+N5 -> 556 | Q5: 36 | R5: =IFERROR(Q5/$J5,0) -> 0.059210526 | S5: 16 | T5: =IFERROR(S5/$J5,0) -> 0.026315789 | U5: =Q5+S5 -> 52 | V5: =ABS(L5+Q5-F5)+ABS(N5+S5-H5) -> 0
A6: 2 | B6: Panruti | C6: =SUMIF('ISD RURAL'!$C:$C,$B6,'ISD RURAL'!$D:$D) -> 515 | D6: =SUMIF('ISD RURAL'!$C:$C,$B6,'ISD RURAL'!$E:$E) -> 515 | E6: =SUMIF('ISD RURAL'!$C:$C,$B6,'ISD RURAL'!$F:$F) -> 1030 | F6: =SUMIF('ISD RURAL'!$C:$C,$B6,'ISD RURAL'!$G:$G) -> 430 | G6: =IFERROR(F6/J6,0) -> 0.81439394 | H6: =SUMIF('ISD RURAL'!$C:$C,$B6,'ISD RURAL'!$I:$I) -> 98 | I6: =IFERROR(H6/J6,0) -> 0.18560606 | J6: =SUMIF('ISD RURAL'!$C:$C,$B6,'ISD RURAL'!$K:$K) -> 528 | K6: =SUMIF('ISD RURAL'!$C:$C,$B6,'ISD RURAL'!$L:$L) -> 502 | L6: 404 | M6: =IFERROR(L6/$J6,0) -> 0.76515152 | N6: 90 | O6: =IFERROR(N6/$J6,0) -> 0.17045455 | P6: =L6+N6 -> 494 | Q6: 26 | R6: =IFERROR(Q6/$J6,0) -> 0.049242424 | S6: 8 | T6: =IFERROR(S6/$J6,0) -> 0.015151515 | U6: =Q6+S6 -> 34 | V6: =ABS(L6+Q6-F6)+ABS(N6+S6-H6) -> 0
A7: 3 | B7: Kurinjipadi | C7: =SUMIF('ISD RURAL'!$C:$C,$B7,'ISD RURAL'!$D:$D) -> 352 | D7: =SUMIF('ISD RURAL'!$C:$C,$B7,'ISD RURAL'!$E:$E) -> 560 | E7: =SUMIF('ISD RURAL'!$C:$C,$B7,'ISD RURAL'!$F:$F) -> 912 | F7: =SUMIF('ISD RURAL'!$C:$C,$B7,'ISD RURAL'!$G:$G) -> 400 | G7: =IFERROR(F7/J7,0) -> 0.79840319 | H7: =SUMIF('ISD RURAL'!$C:$C,$B7,'ISD RURAL'!$I:$I) -> 101 | I7: =IFERROR(H7/J7,0) -> 0.20159681 | J7: =SUMIF('ISD RURAL'!$C:$C,$B7,'ISD RURAL'!$K:$K) -> 501 | K7: =SUMIF('ISD RURAL'!$C:$C,$B7,'ISD RURAL'!$L:$L) -> 411 | L7: 368 | M7: =IFERROR(L7/$J7,0) -> 0.73453094 | N7: 85 | O7: =IFERROR(N7/$J7,0) -> 0.16966068 | P7: =L7+N7 -> 453 | Q7: 32 | R7: =IFERROR(Q7/$J7,0) -> 0.063872255 | S7: 16 | T7: =IFERROR(S7/$J7,0) -> 0.031936128 | U7: =Q7+S7 -> 48 | V7: =ABS(L7+Q7-F7)+ABS(N7+S7-H7) -> 0
A8: 4 | B8: Chidambaram | C8: =SUMIF('ISD RURAL'!$C:$C,$B8,'ISD RURAL'!$D:$D) -> 353 | D8: =SUMIF('ISD RURAL'!$C:$C,$B8,'ISD RURAL'!$E:$E) -> 495 | E8: =SUMIF('ISD RURAL'!$C:$C,$B8,'ISD RURAL'!$F:$F) -> 848 | F8: =SUMIF('ISD RURAL'!$C:$C,$B8,'ISD RURAL'!$G:$G) -> 391 | G8: =IFERROR(F8/J8,0) -> 0.83191489 | H8: =SUMIF('ISD RURAL'!$C:$C,$B8,'ISD RURAL'!$I:$I) -> 79 | I8: =IFERROR(H8/J8,0) -> 0.16808511 | J8: =SUMIF('ISD RURAL'!$C:$C,$B8,'ISD RURAL'!$K:$K) -> 470 | K8: =SUMIF('ISD RURAL'!$C:$C,$B8,'ISD RURAL'!$L:$L) -> 378 | L8: 293 | M8: =IFERROR(L8/$J8,0) -> 0.62340426 | N8: 57 | O8: =IFERROR(N8/$J8,0) -> 0.1212766 | P8: =L8+N8 -> 350 | Q8: 98 | R8: =IFERROR(Q8/$J8,0) -> 0.20851064 | S8: 22 | T8: =IFERROR(S8/$J8,0) -> 0.046808511 | U8: =Q8+S8 -> 120 | V8: =ABS(L8+Q8-F8)+ABS(N8+S8-H8) -> 0
A9: 5 | B9: Bhuvanagiri | C9: =SUMIF('ISD RURAL'!$C:$C,$B9,'ISD RURAL'!$D:$D) -> 295 | D9: =SUMIF('ISD RURAL'!$C:$C,$B9,'ISD RURAL'!$E:$E) -> 323 | E9: =SUMIF('ISD RURAL'!$C:$C,$B9,'ISD RURAL'!$F:$F) -> 618 | F9: =SUMIF('ISD RURAL'!$C:$C,$B9,'ISD RURAL'!$G:$G) -> 266 | G9: =IFERROR(F9/J9,0) -> 0.82352941 | H9: =SUMIF('ISD RURAL'!$C:$C,$B9,'ISD RURAL'!$I:$I) -> 57 | I9: =IFERROR(H9/J9,0) -> 0.17647059 | J9: =SUMIF('ISD RURAL'!$C:$C,$B9,'ISD RURAL'!$K:$K) -> 323 | K9: =SUMIF('ISD RURAL'!$C:$C,$B9,'ISD RURAL'!$L:$L) -> 295 | L9: 209 | M9: =IFERROR(L9/$J9,0) -> 0.64705882 | N9: 35 | O9: =IFERROR(N9/$J9,0) -> 0.10835913 | P9: =L9+N9 -> 244 | Q9: 57 | R9: =IFERROR(Q9/$J9,0) -> 0.17647059 | S9: 22 | T9: =IFERROR(S9/$J9,0) -> 0.068111455 | U9: =Q9+S9 -> 79 | V9: =ABS(L9+Q9-F9)+ABS(N9+S9-H9) -> 0
A10: 6 | B10: Srimushnam | C10: =SUMIF('ISD RURAL'!$C:$C,$B10,'ISD RURAL'!$D:$D) -> 114 | D10: =SUMIF('ISD RURAL'!$C:$C,$B10,'ISD RURAL'!$E:$E) -> 141 | E10: =SUMIF('ISD RURAL'!$C:$C,$B10,'ISD RURAL'!$F:$F) -> 255 | F10: =SUMIF('ISD RURAL'!$C:$C,$B10,'ISD RURAL'!$G:$G) -> 126 | G10: =IFERROR(F10/J10,0) -> 0.91970803 | H10: =SUMIF('ISD RURAL'!$C:$C,$B10,'ISD RURAL'!$I:$I) -> 11 | I10: =IFERROR(H10/J10,0) -> 0.080291971 | J10: =SUMIF('ISD RURAL'!$C:$C,$B10,'ISD RURAL'!$K:$K) -> 137 | K10: =SUMIF('ISD RURAL'!$C:$C,$B10,'ISD RURAL'!$L:$L) -> 118 | L10: 90 | M10: =IFERROR(L10/$J10,0) -> 0.65693431 | N10: 6 | O10: =IFERROR(N10/$J10,0) -> 0.04379562 | P10: =L10+N10 -> 96 | Q10: 36 | R10: =IFERROR(Q10/$J10,0) -> 0.26277372 | S10: 5 | T10: =IFERROR(S10/$J10,0) -> 0.03649635 | U10: =Q10+S10 -> 41 | V10: =ABS(L10+Q10-F10)+ABS(N10+S10-H10) -> 0
A11: 7 | B11: Kattumannarkoil | C11: =SUMIF('ISD RURAL'!$C:$C,$B11,'ISD RURAL'!$D:$D) -> 300 | D11: =SUMIF('ISD RURAL'!$C:$C,$B11,'ISD RURAL'!$E:$E) -> 388 | E11: =SUMIF('ISD RURAL'!$C:$C,$B11,'ISD RURAL'!$F:$F) -> 688 | F11: =SUMIF('ISD RURAL'!$C:$C,$B11,'ISD RURAL'!$G:$G) -> 314 | G11: =IFERROR(F11/J11,0) -> 0.90751445 | H11: =SUMIF('ISD RURAL'!$C:$C,$B11,'ISD RURAL'!$I:$I) -> 32 | I11: =IFERROR(H11/J11,0) -> 0.092485549 | J11: =SUMIF('ISD RURAL'!$C:$C,$B11,'ISD RURAL'!$K:$K) -> 346 | K11: =SUMIF('ISD RURAL'!$C:$C,$B11,'ISD RURAL'!$L:$L) -> 342 | L11: 218 | M11: =IFERROR(L11/$J11,0) -> 0.6300578 | N11: 24 | O11: =IFERROR(N11/$J11,0) -> 0.069364162 | P11: =L11+N11 -> 242 | Q11: 96 | R11: =IFERROR(Q11/$J11,0) -> 0.27745665 | S11: 8 | T11: =IFERROR(S11/$J11,0) -> 0.023121387 | U11: =Q11+S11 -> 104 | V11: =ABS(L11+Q11-F11)+ABS(N11+S11-H11) -> 0
A12: 8 | B12: Vridhachalam | C12: =SUMIF('ISD RURAL'!$C:$C,$B12,'ISD RURAL'!$D:$D) -> 412 | D12: =SUMIF('ISD RURAL'!$C:$C,$B12,'ISD RURAL'!$E:$E) -> 457 | E12: =SUMIF('ISD RURAL'!$C:$C,$B12,'ISD RURAL'!$F:$F) -> 869 | F12: =SUMIF('ISD RURAL'!$C:$C,$B12,'ISD RURAL'!$G:$G) -> 364 | G12: =IFERROR(F12/J12,0) -> 0.8161435 | H12: =SUMIF('ISD RURAL'!$C:$C,$B12,'ISD RURAL'!$I:$I) -> 82 | I12: =IFERROR(H12/J12,0) -> 0.1838565 | J12: =SUMIF('ISD RURAL'!$C:$C,$B12,'ISD RURAL'!$K:$K) -> 446 | K12: =SUMIF('ISD RURAL'!$C:$C,$B12,'ISD RURAL'!$L:$L) -> 423 | L12: 293 | M12: =IFERROR(L12/$J12,0) -> 0.65695067 | N12: 60 | O12: =IFERROR(N12/$J12,0) -> 0.13452915 | P12: =L12+N12 -> 353 | Q12: 71 | R12: =IFERROR(Q12/$J12,0) -> 0.15919283 | S12: 22 | T12: =IFERROR(S12/$J12,0) -> 0.049327354 | U12: =Q12+S12 -> 93 | V12: =ABS(L12+Q12-F12)+ABS(N12+S12-H12) -> 0
A13: 9 | B13: Titagudi | C13: =SUMIF('ISD RURAL'!$C:$C,$B13,'ISD RURAL'!$D:$D) -> 277 | D13: =SUMIF('ISD RURAL'!$C:$C,$B13,'ISD RURAL'!$E:$E) -> 250 | E13: =SUMIF('ISD RURAL'!$C:$C,$B13,'ISD RURAL'!$F:$F) -> 527 | F13: =SUMIF('ISD RURAL'!$C:$C,$B13,'ISD RURAL'!$G:$G) -> 215 | G13: =IFERROR(F13/J13,0) -> 0.87044534 | H13: =SUMIF('ISD RURAL'!$C:$C,$B13,'ISD RURAL'!$I:$I) -> 32 | I13: =IFERROR(H13/J13,0) -> 0.12955466 | J13: =SUMIF('ISD RURAL'!$C:$C,$B13,'ISD RURAL'!$K:$K) -> 247 | K13: =SUMIF('ISD RURAL'!$C:$C,$B13,'ISD RURAL'!$L:$L) -> 280 | L13: 99 | M13: =IFERROR(L13/$J13,0) -> 0.40080972 | N13: 22 | O13: =IFERROR(N13/$J13,0) -> 0.089068826 | P13: =L13+N13 -> 121 | Q13: 116 | R13: =IFERROR(Q13/$J13,0) -> 0.46963563 | S13: 10 | T13: =IFERROR(S13/$J13,0) -> 0.04048583 | U13: =Q13+S13 -> 126 | V13: =ABS(L13+Q13-F13)+ABS(N13+S13-H13) -> 0
A14: 10 | B14: Veppur | C14: =SUMIF('ISD RURAL'!$C:$C,$B14,'ISD RURAL'!$D:$D) -> 343 | D14: =SUMIF('ISD RURAL'!$C:$C,$B14,'ISD RURAL'!$E:$E) -> 326 | E14: =SUMIF('ISD RURAL'!$C:$C,$B14,'ISD RURAL'!$F:$F) -> 669 | F14: =SUMIF('ISD RURAL'!$C:$C,$B14,'ISD RURAL'!$G:$G) -> 292 | G14: =IFERROR(F14/J14,0) -> 0.85630499 | H14: =SUMIF('ISD RURAL'!$C:$C,$B14,'ISD RURAL'!$I:$I) -> 49 | I14: =IFERROR(H14/J14,0) -> 0.14369501 | J14: =SUMIF('ISD RURAL'!$C:$C,$B14,'ISD RURAL'!$K:$K) -> 341 | K14: =SUMIF('ISD RURAL'!$C:$C,$B14,'ISD RURAL'!$L:$L) -> 328 | L14: 246 | M14: =IFERROR(L14/$J14,0) -> 0.72140762 | N14: 32 | O14: =IFERROR(N14/$J14,0) -> 0.093841642 | P14: =L14+N14 -> 278 | Q14: 46 | R14: =IFERROR(Q14/$J14,0) -> 0.13489736 | S14: 17 | T14: =IFERROR(S14/$J14,0) -> 0.049853372 | U14: =Q14+S14 -> 63 | V14: =ABS(L14+Q14-F14)+ABS(N14+S14-H14) -> 0
B15: Total | C15: =SUM(C5:INDEX(C:C,ROW()-1)) -> 3415 | D15: =SUM(D5:INDEX(D:D,ROW()-1)) -> 3970 | E15: =SUM(E5:INDEX(E:E,ROW()-1)) -> 7385 | F15: =SUM(F5:INDEX(F:F,ROW()-1)) -> 3291 | G15: =IFERROR(F15/$J15,0) -> 0.83379782 | H15: =SUM(H5:INDEX(H:H,ROW()-1)) -> 656 | I15: =IFERROR(H15/$J15,0) -> 0.16620218 | J15: =SUM(J5:INDEX(J:J,ROW()-1)) -> 3947 | K15: =SUM(K5:INDEX(K:K,ROW()-1)) -> 3438 | L15: =SUM(L5:INDEX(L:L,ROW()-1)) -> 2677 | M15: =IFERROR(L15/$J15,0) -> 0.67823664 | N15: =SUM(N5:INDEX(N:N,ROW()-1)) -> 510 | O15: =IFERROR(N15/$J15,0) -> 0.12921206 | P15: =SUM(P5:INDEX(P:P,ROW()-1)) -> 3187 | Q15: =SUM(Q5:INDEX(Q:Q,ROW()-1)) -> 614 | R15: =IFERROR(Q15/$J15,0) -> 0.15556119 | S15: =SUM(S5:INDEX(S:S,ROW()-1)) -> 146 | T15: =IFERROR(S15/$J15,0) -> 0.036990119 | U15: =SUM(U5:INDEX(U:U,ROW()-1)) -> 760 | V15: =SUM(V5:INDEX(V:V,ROW()-1)) -> 0
A17: Green = pulled from ISD RURAL by taluk name. Blue = typed surveyor / VAO figures. % = share of total disposed. Check column must be 0.

Sheet ISD NATHAM
A1: ISD NATHAM OPT - Report as on - 01.10.2026
A2: NO. OF Involving Subdivision APPLICATION FROM : 01-09-2026 - TO : 30-09-2026 *
A3: S.No | B3: Taluk | C3: Opening balance as on 01.09.2026 | D3: Received | E3: Transferred (out) | F3: Total | G3: Disposed | L3: Pending | M3: Pending breakup | Q3: Pending beyond limit | R3: Check: pending − breakup (should be 0)
G4: Approved | H4: % | I4: Rejected | J4: % | K4: Total disposed | M4: Below 1 month | N4: Over 1 month | O4: Over 2 months | P4: Over 3 months
A5: 1 | B5: Bhuvanagiri | C5: 133 | D5: 120 | E5: 31 | F5: =C5+D5-E5 -> 222 | G5: 77 | H5: =IFERROR(G5/K5,0) -> 0.65811966 | I5: 40 | J5: =IFERROR(I5/K5,0) -> 0.34188034 | K5: =G5+I5 -> 117 | L5: =F5-K5 -> 105 | M5: 105 | N5: 0 | O5: 0 | P5: 0 | Q5: =SUM(N5:P5) -> 0 | R5: =L5-SUM(M5:P5) -> 0
A6: 2 | B6: Chidambaram | C6: 103 | D6: 113 | E6: 45 | F6: =C6+D6-E6 -> 171 | G6: 58 | H6: =IFERROR(G6/K6,0) -> 0.73417722 | I6: 21 | J6: =IFERROR(I6/K6,0) -> 0.26582278 | K6: =G6+I6 -> 79 | L6: =F6-K6 -> 92 | M6: 92 | N6: 0 | O6: 0 | P6: 0 | Q6: =SUM(N6:P6) -> 0 | R6: =L6-SUM(M6:P6) -> 0
A7: 3 | B7: Cuddalore | C7: 93 | D7: 104 | E7: 30 | F7: =C7+D7-E7 -> 167 | G7: 52 | H7: =IFERROR(G7/K7,0) -> 0.59770115 | I7: 35 | J7: =IFERROR(I7/K7,0) -> 0.40229885 | K7: =G7+I7 -> 87 | L7: =F7-K7 -> 80 | M7: 80 | N7: 0 | O7: 0 | P7: 0 | Q7: =SUM(N7:P7) -> 0 | R7: =L7-SUM(M7:P7) -> 0
A8: 4 | B8: Kattumannarkoil | C8: 78 | D8: 98 | E8: 26 | F8: =C8+D8-E8 -> 150 | G8: 52 | H8: =IFERROR(G8/K8,0) -> 0.78787879 | I8: 14 | J8: =IFERROR(I8/K8,0) -> 0.21212121 | K8: =G8+I8 -> 66 | L8: =F8-K8 -> 84 | M8: 84 | N8: 0 | O8: 0 | P8: 0 | Q8: =SUM(N8:P8) -> 0 | R8: =L8-SUM(M8:P8) -> 0
A9: 5 | B9: Kurinjipadi | C9: 93 | D9: 98 | E9: 16 | F9: =C9+D9-E9 -> 175 | G9: 91 | H9: =IFERROR(G9/K9,0) -> 0.80530973 | I9: 22 | J9: =IFERROR(I9/K9,0) -> 0.19469027 | K9: =G9+I9 -> 113 | L9: =F9-K9 -> 62 | M9: 62 | N9: 0 | O9: 0 | P9: 0 | Q9: =SUM(N9:P9) -> 0 | R9: =L9-SUM(M9:P9) -> 0
A10: 6 | B10: Panruti | C10: 147 | D10: 139 | E10: 49 | F10: =C10+D10-E10 -> 237 | G10: 92 | H10: =IFERROR(G10/K10,0) -> 0.72440945 | I10: 35 | J10: =IFERROR(I10/K10,0) -> 0.27559055 | K10: =G10+I10 -> 127 | L10: =F10-K10 -> 110 | M10: 110 | N10: 0 | O10: 0 | P10: 0 | Q10: =SUM(N10:P10) -> 0 | R10: =L10-SUM(M10:P10) -> 0
A11: 7 | B11: Srimushnam | C11: 27 | D11: 58 | E11: 11 | F11: =C11+D11-E11 -> 74 | G11: 36 | H11: =IFERROR(G11/K11,0) -> 1 | I11: 0 | J11: =IFERROR(I11/K11,0) -> 0 | K11: =G11+I11 -> 36 | L11: =F11-K11 -> 38 | M11: 38 | N11: 0 | O11: 0 | P11: 0 | Q11: =SUM(N11:P11) -> 0 | R11: =L11-SUM(M11:P11) -> 0
A12: 8 | B12: Titagudi | C12: 92 | D12: 91 | E12: 29 | F12: =C12+D12-E12 -> 154 | G12: 58 | H12: =IFERROR(G12/K12,0) -> 0.84057971 | I12: 11 | J12: =IFERROR(I12/K12,0) -> 0.15942029 | K12: =G12+I12 -> 69 | L12: =F12-K12 -> 85 | M12: 85 | N12: 0 | O12: 0 | P12: 0 | Q12: =SUM(N12:P12) -> 0 | R12: =L12-SUM(M12:P12) -> 0
A13: 9 | B13: Veppur | C13: 83 | D13: 50 | E13: 19 | F13: =C13+D13-E13 -> 114 | G13: 63 | H13: =IFERROR(G13/K13,0) -> 0.82894737 | I13: 13 | J13: =IFERROR(I13/K13,0) -> 0.17105263 | K13: =G13+I13 -> 76 | L13: =F13-K13 -> 38 | M13: 38 | N13: 0 | O13: 0 | P13: 0 | Q13: =SUM(N13:P13) -> 0 | R13: =L13-SUM(M13:P13) -> 0
A14: 10 | B14: Vridhachalam | C14: 128 | D14: 147 | E14: 49 | F14: =C14+D14-E14 -> 226 | G14: 92 | H14: =IFERROR(G14/K14,0) -> 0.81415929 | I14: 21 | J14: =IFERROR(I14/K14,0) -> 0.18584071 | K14: =G14+I14 -> 113 | L14: =F14-K14 -> 113 | M14: 113 | N14: 0 | O14: 0 | P14: 0 | Q14: =SUM(N14:P14) -> 0 | R14: =L14-SUM(M14:P14) -> 0
B15: Total | C15: =SUM(C5:INDEX(C:C,ROW()-1)) -> 977 | D15: =SUM(D5:INDEX(D:D,ROW()-1)) -> 1018 | E15: =SUM(E5:INDEX(E:E,ROW()-1)) -> 305 | F15: =C15+D15-E15 -> 1690 | G15: =SUM(G5:INDEX(G:G,ROW()-1)) -> 671 | H15: =IFERROR(G15/K15,0) -> 0.7599094 | I15: =SUM(I5:INDEX(I:I,ROW()-1)) -> 212 | J15: =IFERROR(I15/K15,0) -> 0.2400906 | K15: =G15+I15 -> 883 | L15: =F15-K15 -> 807 | M15: =SUM(M5:INDEX(M:M,ROW()-1)) -> 807 | N15: =SUM(N5:INDEX(N:N,ROW()-1)) -> 0 | O15: =SUM(O5:INDEX(O:O,ROW()-1)) -> 0 | P15: =SUM(P5:INDEX(P:P,ROW()-1)) -> 0 | Q15: =SUM(N15:P15) -> 0 | R15: =L15-SUM(M15:P15) -> 0
A17: Blue = typed data (edit these). Black = formula (do not type over). To add a taluk/town: insert a row ABOVE the Total row and copy the row above it; totals, checks and the Dashboard update automatically.

Sheet ISD NATHAM TOP 5 VILLAGES
A1: TALUK WISE TOP 5 VAO VILLAGE REJECTION COUNT(ISD - NATHAM) 01.09.2026 to 30.09.2026
A2: S.No | B2: Taluk | C2: Village name | D2: Rejection count | E2: S.No | F2: Taluk | G2: Village name | H2: Rejection count
A3: 1 | B3: BHUVANAGIRI | C3: PARANGIPETTAI | D3: 6 | E3: 1 | F3: VRIDHACHALAM | G3: UTHANGAL | H3: 4
A4: 2 | C4: MANJAKOLLAI | D4: 4 | E4: 2 | G4: MANGALAM KO | H4: 3
A5: 3 | C5: SILAMBIMANGALM | D5: 3 | E5: 3 | G5: M.PARUR | H5: 3
A6: 4 | C6: MELBHUVANAGIRI | D6: 3 | E6: 4 | G6: KARKUDAL | H6: 1
A7: 5 | C7: C.MUTLUR | D7: 2 | E7: 5 | G7: KOVILANUR | H7: 1
A8: 1 | B8: CHIDAMBARAM | C8: NAJAIMAGATHUVAZHKAI | D8: 3 | E8: 1 | F8: VEPPUR | G8: ILANGIYANUR | H8: 6
A9: 2 | C9: C.THANDESWARANALLUR | D9: 3 | E9: 2 | G9: KATTUMAYILUR | H9: 2
A10: 3 | C10: VASAPUTHUR | D10: 2 | E10: 3 | G10: NAGAR | H10: 2
A11: 4 | C11: VAIYUR | D11: 1 | E11: 4 | G11: ATHIYUR | H11: 2
A12: 5 | C12: KANNAKUDI | D12: 1 | E12: 5 | G12: ORANGUR | H12: 1
A13: 1 | B13: CUDDALORE | C13: NADUVEERAPATTU | D13: 5 | E13: 1 | F13: TITAKUDI | G13: ELAMANGALAM | H13: 2
A14: 2 | C14: VELLAKARAI | D14: 4 | E14: 2 | G14: THOZHUTUR | H14: 2
A15: 3 | C15: ANNAVALLI | D15: 3 | E15: 3 | G15: KALLO0R | H15: 1
A16: 4 | C16: PATHIRIKUPPAM | D16: 3 | E16: 4 | G16: PENNADAM | H16: 1
A17: 5 | C17: RAMAPURAM | D17: 2 | E17: 5 | G17: BELANDURAI | H17: 1
A18: 1 | B18: PANRUTI | C18: VISUR | D18: 6 | E18: 1 | F18: KATTUMANNARKOIL | G18: MANNARKUDI | H18: 3
A19: 2 | C19: L.N.PURAM | D19: 4 | E19: 2 | G19: KANJANKOLLAI | H19: 3
A20: 3 | C20: KADAMPULIYUR | D20: 3 | E20: 3 | G20: LALPETTAI | H20: 2
A21: 4 | C21: KILKANGEYANKUPPAM | D21: 3 | E21: 4 | G21: SIRUKATTUR | H21: 1
A22: 5 | C22: PURANGANI | D22: 2 | E22: 5 | G22: KOTHAVASAL | H22: 1
A23: 1 | B23: KURINJIPADI | C23: KORANAPATTU | D23: 3 | E23: 1
A24: 2 | C24: VAZHUTHALAMPATTU | D24: 2 | E24: 2
A25: 3 | C25: KALKUNAM | D25: 2 | E25: 3
A26: 4 | C26: AMBALAVANAPETTAI | D26: 2 | E26: 4
A27: 5 | C27: KEEZHUR | D27: 2 | E27: 5
A29: Blue = typed data. Keep the same layout (5 villages per taluk, taluk name on the first row of each block); the Dashboard's top-villages list reads rows 3 to 27.

Sheet URBAN ISD
A1: Cuddalore District URBAN ISD Application Progress (01.09.2026 to 30.09.2026)
A2: Period: 01.09.2026 to 30.09.2026
A3: S.No | B3: Taluk | C3: Town | D3: Opening balance | E3: Received | F3: Total | G3: Disposed | L3: Pending | M3: Pending breakup | P3: Pending beyond limit | Q3: Check: pending − breakup (should be 0)
G4: Approved | H4: % | I4: Rejected | J4: % | K4: Total disposed | M4: < 1 month | N4: > 1 month | O4: Over 2 months
A5: 1 | B5: Chidambaram | C5: Chidambaram | D5: 5 | E5: 15 | F5: =D5+E5 -> 20 | G5: 6 | H5: =IFERROR(G5/K5,0) -> 0.85714286 | I5: 1 | J5: =IFERROR(I5/K5,0) -> 0.14285714 | K5: =G5+I5 -> 7 | L5: =F5-K5 -> 13 | M5: 13 | N5: 0 | O5: 0 | P5: =SUM(N5:O5) -> 0 | Q5: =L5-SUM(M5:O5) -> 0
A6: 2 | B6: Cuddalore | C6: Cuddalore | D6: 86 | E6: 165 | F6: =D6+E6 -> 251 | G6: 108 | H6: =IFERROR(G6/K6,0) -> 0.78832117 | I6: 29 | J6: =IFERROR(I6/K6,0) -> 0.21167883 | K6: =G6+I6 -> 137 | L6: =F6-K6 -> 114 | M6: 114 | N6: 0 | O6: 0 | P6: =SUM(N6:O6) -> 0 | Q6: =L6-SUM(M6:O6) -> 0
A7: 3 | B7: Panruti | C7: Nellikuppam | D7: 74 | E7: 117 | F7: =D7+E7 -> 191 | G7: 76 | H7: =IFERROR(G7/K7,0) -> 0.91566265 | I7: 7 | J7: =IFERROR(I7/K7,0) -> 0.084337349 | K7: =G7+I7 -> 83 | L7: =F7-K7 -> 108 | M7: 108 | N7: 0 | O7: 0 | P7: =SUM(N7:O7) -> 0 | Q7: =L7-SUM(M7:O7) -> 0
A8: 4 | B8: Panruti | C8: Panruti | D8: 19 | E8: 79 | F8: =D8+E8 -> 98 | G8: 46 | H8: =IFERROR(G8/K8,0) -> 0.92 | I8: 4 | J8: =IFERROR(I8/K8,0) -> 0.08 | K8: =G8+I8 -> 50 | L8: =F8-K8 -> 48 | M8: 48 | N8: 0 | O8: 0 | P8: =SUM(N8:O8) -> 0 | Q8: =L8-SUM(M8:O8) -> 0
A9: 5 | B9: Virudhachalam | C9: Virudhachalam | D9: 51 | E9: 119 | F9: =D9+E9 -> 170 | G9: 51 | H9: =IFERROR(G9/K9,0) -> 0.69863014 | I9: 22 | J9: =IFERROR(I9/K9,0) -> 0.30136986 | K9: =G9+I9 -> 73 | L9: =F9-K9 -> 97 | M9: 97 | N9: 0 | O9: 0 | P9: =SUM(N9:O9) -> 0 | Q9: =L9-SUM(M9:O9) -> 0
B10: District Wise Total | D10: =SUM(D5:INDEX(D:D,ROW()-1)) -> 235 | E10: =SUM(E5:INDEX(E:E,ROW()-1)) -> 495 | F10: =D10+E10 -> 730 | G10: =SUM(G5:INDEX(G:G,ROW()-1)) -> 287 | H10: =IFERROR(G10/K10,0) -> 0.82 | I10: =SUM(I5:INDEX(I:I,ROW()-1)) -> 63 | J10: =IFERROR(I10/K10,0) -> 0.18 | K10: =G10+I10 -> 350 | L10: =F10-K10 -> 380 | M10: =SUM(M5:INDEX(M:M,ROW()-1)) -> 380 | N10: =SUM(N5:INDEX(N:N,ROW()-1)) -> 0 | O10: =SUM(O5:INDEX(O:O,ROW()-1)) -> 0 | P10: =SUM(N10:O10) -> 0 | Q10: =L10-SUM(M10:O10) -> 0
A12: Blue = typed data (edit these). Black = formula (do not type over). To add a taluk/town: insert a row ABOVE the Total row and copy the row above it; totals, checks and the Dashboard update automatically.

Sheet RURAL FL
A1: F-Line Rural Summary Report From : 01-09-2026 - TO : 30-09-2026 *
A2: Period: 01.09.2026 to 30.09.2026
A3: S.No | B3: Taluk | C3: Opening balance as on 31.08.2026 | D3: Received | E3: Total | F3: Disposed | K3: Pending | L3: Pending breakup | R3: Pending beyond limit | S3: Check: pending − breakup (should be 0)
F4: Accepted | G4: % | H4: Rejected | I4: % | J4: Total disposed | L4: Less than 1 month | M4: Over 1 month | N4: Over 2 months | O4: Over 3 months | P4: Over 4 months | Q4: Over 5 months
A5: 1 | B5: Bhuvanagiri | C5: 187 | D5: 72 | E5: =C5+D5 -> 259 | F5: 86 | G5: =IFERROR(F5/J5,0) -> 0.80373832 | H5: 21 | I5: =IFERROR(H5/J5,0) -> 0.19626168 | J5: =F5+H5 -> 107 | K5: =E5-J5 -> 152 | L5: 72 | M5: 72 | N5: 8 | O5: 0 | P5: 0 | Q5: 0 | R5: =SUM(M5:Q5) -> 80 | S5: =K5-SUM(L5:Q5) -> 0
A6: 2 | B6: Chidambaram | C6: 167 | D6: 83 | E6: =C6+D6 -> 250 | F6: 97 | G6: =IFERROR(F6/J6,0) -> 0.89814815 | H6: 11 | I6: =IFERROR(H6/J6,0) -> 0.10185185 | J6: =F6+H6 -> 108 | K6: =E6-J6 -> 142 | L6: 79 | M6: 63 | N6: 0 | O6: 0 | P6: 0 | Q6: 0 | R6: =SUM(M6:Q6) -> 63 | S6: =K6-SUM(L6:Q6) -> 0
A7: 3 | B7: Cuddalore | C7: 192 | D7: 100 | E7: =C7+D7 -> 292 | F7: 86 | G7: =IFERROR(F7/J7,0) -> 0.86 | H7: 14 | I7: =IFERROR(H7/J7,0) -> 0.14 | J7: =F7+H7 -> 100 | K7: =E7-J7 -> 192 | L7: 100 | M7: 92 | N7: 0 | O7: 0 | P7: 0 | Q7: 0 | R7: =SUM(M7:Q7) -> 92 | S7: =K7-SUM(L7:Q7) -> 0
A8: 4 | B8: Kattumannarkoil | C8: 143 | D8: 74 | E8: =C8+D8 -> 217 | F8: 67 | G8: =IFERROR(F8/J8,0) -> 0.85897436 | H8: 11 | I8: =IFERROR(H8/J8,0) -> 0.14102564 | J8: =F8+H8 -> 78 | K8: =E8-J8 -> 139 | L8: 73 | M8: 64 | N8: 2 | O8: 0 | P8: 0 | Q8: 0 | R8: =SUM(M8:Q8) -> 66 | S8: =K8-SUM(L8:Q8) -> 0
A9: 5 | B9: Kurinjipadi | C9: 228 | D9: 125 | E9: =C9+D9 -> 353 | F9: 128 | G9: =IFERROR(F9/J9,0) -> 0.96240602 | H9: 5 | I9: =IFERROR(H9/J9,0) -> 0.037593985 | J9: =F9+H9 -> 133 | K9: =E9-J9 -> 220 | L9: 117 | M9: 102 | N9: 1 | O9: 0 | P9: 0 | Q9: 0 | R9: =SUM(M9:Q9) -> 103 | S9: =K9-SUM(L9:Q9) -> 0
A10: 6 | B10: Panruti | C10: 245 | D10: 128 | E10: =C10+D10 -> 373 | F10: 95 | G10: =IFERROR(F10/J10,0) -> 0.7421875 | H10: 33 | I10: =IFERROR(H10/J10,0) -> 0.2578125 | J10: =F10+H10 -> 128 | K10: =E10-J10 -> 245 | L10: 128 | M10: 115 | N10: 2 | O10: 0 | P10: 0 | Q10: 0 | R10: =SUM(M10:Q10) -> 117 | S10: =K10-SUM(L10:Q10) -> 0
A11: 7 | B11: Srimushnam | C11: 118 | D11: 71 | E11: =C11+D11 -> 189 | F11: 68 | G11: =IFERROR(F11/J11,0) -> 0.97142857 | H11: 2 | I11: =IFERROR(H11/J11,0) -> 0.028571429 | J11: =F11+H11 -> 70 | K11: =E11-J11 -> 119 | L11: 66 | M11: 53 | N11: 0 | O11: 0 | P11: 0 | Q11: 0 | R11: =SUM(M11:Q11) -> 53 | S11: =K11-SUM(L11:Q11) -> 0
A12: 8 | B12: Titagudi | C12: 392 | D12: 92 | E12: =C12+D12 -> 484 | F12: 203 | G12: =IFERROR(F12/J12,0) -> 0.92694064 | H12: 16 | I12: =IFERROR(H12/J12,0) -> 0.073059361 | J12: =F12+H12 -> 219 | K12: =E12-J12 -> 265 | L12: 91 | M12: 135 | N12: 39 | O12: 0 | P12: 0 | Q12: 0 | R12: =SUM(M12:Q12) -> 174 | S12: =K12-SUM(L12:Q12) -> 0
A13: 9 | B13: Veppur | C13: 178 | D13: 72 | E13: =C13+D13 -> 250 | F13: 113 | G13: =IFERROR(F13/J13,0) -> 0.97413793 | H13: 3 | I13: =IFERROR(H13/J13,0) -> 0.025862069 | J13: =F13+H13 -> 116 | K13: =E13-J13 -> 134 | L13: 68 | M13: 61 | N13: 5 | O13: 0 | P13: 0 | Q13: 0 | R13: =SUM(M13:Q13) -> 66 | S13: =K13-SUM(L13:Q13) -> 0
A14: 10 | B14: Vridhachalam | C14: 385 | D14: 153 | E14: =C14+D14 -> 538 | F14: 169 | G14: =IFERROR(F14/J14,0) -> 0.84924623 | H14: 30 | I14: =IFERROR(H14/J14,0) -> 0.15075377 | J14: =F14+H14 -> 199 | K14: =E14-J14 -> 339 | L14: 148 | M14: 189 | N14: 2 | O14: 0 | P14: 0 | Q14: 0 | R14: =SUM(M14:Q14) -> 191 | S14: =K14-SUM(L14:Q14) -> 0
B15: Total | C15: =SUM(C5:INDEX(C:C,ROW()-1)) -> 2235 | D15: =SUM(D5:INDEX(D:D,ROW()-1)) -> 970 | E15: =C15+D15 -> 3205 | F15: =SUM(F5:INDEX(F:F,ROW()-1)) -> 1112 | G15: =IFERROR(F15/J15,0) -> 0.88394277 | H15: =SUM(H5:INDEX(H:H,ROW()-1)) -> 146 | I15: =IFERROR(H15/J15,0) -> 0.11605723 | J15: =F15+H15 -> 1258 | K15: =E15-J15 -> 1947 | L15: =SUM(L5:INDEX(L:L,ROW()-1)) -> 942 | M15: =SUM(M5:INDEX(M:M,ROW()-1)) -> 946 | N15: =SUM(N5:INDEX(N:N,ROW()-1)) -> 59 | O15: =SUM(O5:INDEX(O:O,ROW()-1)) -> 0 | P15: =SUM(P5:INDEX(P:P,ROW()-1)) -> 0 | Q15: =SUM(Q5:INDEX(Q:Q,ROW()-1)) -> 0 | R15: =SUM(M15:Q15) -> 1005 | S15: =K15-SUM(L15:Q15) -> 0
A17: Blue = typed data (edit these). Black = formula (do not type over). To add a taluk/town: insert a row ABOVE the Total row and copy the row above it; totals, checks and the Dashboard update automatically.

Sheet NATHAM FL
A1: F-Line Natham Summary Report From : 01-09-2026 - TO : 30-09-2026 *
A2: Period: 01.09.2026 to 30.09.2026
A3: S.No | B3: Taluk | C3: Opening balance as on 31.08.2026 | D3: Received | E3: Total | F3: Disposed | K3: Pending | L3: Pending breakup | R3: Pending beyond limit | S3: Check: pending − breakup (should be 0)
F4: Accepted | G4: % | H4: Rejected | I4: % | J4: Total disposed | L4: Less than 1 month | M4: Over 1 month | N4: Over 2 months | O4: Over 3 months | P4: Over 4 months | Q4: Over 5 months
A5: 1 | B5: Bhuvanagiri | C5: 134 | D5: 43 | E5: =C5+D5 -> 177 | F5: 49 | G5: =IFERROR(F5/J5,0) -> 0.74242424 | H5: 17 | I5: =IFERROR(H5/J5,0) -> 0.25757576 | J5: =F5+H5 -> 66 | K5: =E5-J5 -> 111 | L5: 43 | M5: 66 | N5: 2 | O5: 0 | P5: 0 | Q5: 0 | R5: =SUM(M5:Q5) -> 68 | S5: =K5-SUM(L5:Q5) -> 0
A6: 2 | B6: Chidambaram | C6: 83 | D6: 57 | E6: =C6+D6 -> 140 | F6: 50 | G6: =IFERROR(F6/J6,0) -> 0.96153846 | H6: 2 | I6: =IFERROR(H6/J6,0) -> 0.038461538 | J6: =F6+H6 -> 52 | K6: =E6-J6 -> 88 | L6: 55 | M6: 33 | N6: 0 | O6: 0 | P6: 0 | Q6: 0 | R6: =SUM(M6:Q6) -> 33 | S6: =K6-SUM(L6:Q6) -> 0
A7: 3 | B7: Cuddalore | C7: 109 | D7: 57 | E7: =C7+D7 -> 166 | F7: 62 | G7: =IFERROR(F7/J7,0) -> 0.88571429 | H7: 8 | I7: =IFERROR(H7/J7,0) -> 0.11428571 | J7: =F7+H7 -> 70 | K7: =E7-J7 -> 96 | L7: 57 | M7: 38 | N7: 1 | O7: 0 | P7: 0 | Q7: 0 | R7: =SUM(M7:Q7) -> 39 | S7: =K7-SUM(L7:Q7) -> 0
A8: 4 | B8: Kattumannarkoil | C8: 87 | D8: 39 | E8: =C8+D8 -> 126 | F8: 43 | G8: =IFERROR(F8/J8,0) -> 0.93478261 | H8: 3 | I8: =IFERROR(H8/J8,0) -> 0.065217391 | J8: =F8+H8 -> 46 | K8: =E8-J8 -> 80 | L8: 38 | M8: 41 | N8: 1 | O8: 0 | P8: 0 | Q8: 0 | R8: =SUM(M8:Q8) -> 42 | S8: =K8-SUM(L8:Q8) -> 0
A9: 5 | B9: Kurinjipadi | C9: 83 | D9: 71 | E9: =C9+D9 -> 154 | F9: 54 | G9: =IFERROR(F9/J9,0) -> 0.96428571 | H9: 2 | I9: =IFERROR(H9/J9,0) -> 0.035714286 | J9: =F9+H9 -> 56 | K9: =E9-J9 -> 98 | L9: 64 | M9: 33 | N9: 1 | O9: 0 | P9: 0 | Q9: 0 | R9: =SUM(M9:Q9) -> 34 | S9: =K9-SUM(L9:Q9) -> 0
A10: 6 | B10: Panruti | C10: 140 | D10: 64 | E10: =C10+D10 -> 204 | F10: 57 | G10: =IFERROR(F10/J10,0) -> 0.73076923 | H10: 21 | I10: =IFERROR(H10/J10,0) -> 0.26923077 | J10: =F10+H10 -> 78 | K10: =E10-J10 -> 126 | L10: 64 | M10: 62 | N10: 0 | O10: 0 | P10: 0 | Q10: 0 | R10: =SUM(M10:Q10) -> 62 | S10: =K10-SUM(L10:Q10) -> 0
A11: 7 | B11: Srimushnam | C11: 54 | D11: 44 | E11: =C11+D11 -> 98 | F11: 34 | G11: =IFERROR(F11/J11,0) -> 1 | H11: 0 | I11: =IFERROR(H11/J11,0) -> 0 | J11: =F11+H11 -> 34 | K11: =E11-J11 -> 64 | L11: 43 | M11: 21 | N11: 0 | O11: 0 | P11: 0 | Q11: 0 | R11: =SUM(M11:Q11) -> 21 | S11: =K11-SUM(L11:Q11) -> 0
A12: 8 | B12: Titagudi | C12: 154 | D12: 51 | E12: =C12+D12 -> 205 | F12: 68 | G12: =IFERROR(F12/J12,0) -> 0.89473684 | H12: 8 | I12: =IFERROR(H12/J12,0) -> 0.10526316 | J12: =F12+H12 -> 76 | K12: =E12-J12 -> 129 | L12: 51 | M12: 48 | N12: 30 | O12: 0 | P12: 0 | Q12: 0 | R12: =SUM(M12:Q12) -> 78 | S12: =K12-SUM(L12:Q12) -> 0
A13: 9 | B13: Veppur | C13: 57 | D13: 35 | E13: =C13+D13 -> 92 | F13: 39 | G13: =IFERROR(F13/J13,0) -> 1 | H13: 0 | I13: =IFERROR(H13/J13,0) -> 0 | J13: =F13+H13 -> 39 | K13: =E13-J13 -> 53 | L13: 33 | M13: 15 | N13: 5 | O13: 0 | P13: 0 | Q13: 0 | R13: =SUM(M13:Q13) -> 20 | S13: =K13-SUM(L13:Q13) -> 0
A14: 10 | B14: Vridhachalam | C14: 154 | D14: 81 | E14: =C14+D14 -> 235 | F14: 69 | G14: =IFERROR(F14/J14,0) -> 0.87341772 | H14: 10 | I14: =IFERROR(H14/J14,0) -> 0.12658228 | J14: =F14+H14 -> 79 | K14: =E14-J14 -> 156 | L14: 81 | M14: 75 | N14: 0 | O14: 0 | P14: 0 | Q14: 0 | R14: =SUM(M14:Q14) -> 75 | S14: =K14-SUM(L14:Q14) -> 0
B15: Total | C15: =SUM(C5:INDEX(C:C,ROW()-1)) -> 1055 | D15: =SUM(D5:INDEX(D:D,ROW()-1)) -> 542 | E15: =C15+D15 -> 1597 | F15: =SUM(F5:INDEX(F:F,ROW()-1)) -> 525 | G15: =IFERROR(F15/J15,0) -> 0.88087248 | H15: =SUM(H5:INDEX(H:H,ROW()-1)) -> 71 | I15: =IFERROR(H15/J15,0) -> 0.11912752 | J15: =F15+H15 -> 596 | K15: =E15-J15 -> 1001 | L15: =SUM(L5:INDEX(L:L,ROW()-1)) -> 529 | M15: =SUM(M5:INDEX(M:M,ROW()-1)) -> 432 | N15: =SUM(N5:INDEX(N:N,ROW()-1)) -> 40 | O15: =SUM(O5:INDEX(O:O,ROW()-1)) -> 0 | P15: =SUM(P5:INDEX(P:P,ROW()-1)) -> 0 | Q15: =SUM(Q5:INDEX(Q:Q,ROW()-1)) -> 0 | R15: =SUM(M15:Q15) -> 472 | S15: =K15-SUM(L15:Q15) -> 0
A17: Blue = typed data (edit these). Black = formula (do not type over). To add a taluk/town: insert a row ABOVE the Total row and copy the row above it; totals, checks and the Dashboard update automatically.

Sheet URBAN FL
A1: Cuddalore District URBAN F Line Application Progress (01.09.2026 to 30.09.2026)
A2: Period: 01.09.2026 to 30.09.2026
A3: S.No | B3: Taluk | C3: Town | D3: Opening balance | E3: Received | F3: Total | G3: Disposed | L3: Pending | M3: Pending breakup | Q3: Pending beyond limit | R3: Check: pending − breakup (should be 0)
G4: Approved | H4: % | I4: Rejected | J4: % | K4: Total disposed | M4: Less than 1 month | N4: Over 1 month | O4: Over 2 months | P4: Over 3 months
A5: 1 | B5: Cuddalore | C5: Cuddalore | D5: 23 | E5: 21 | F5: =D5+E5 -> 44 | G5: 15 | H5: =IFERROR(G5/K5,0) -> 0.9375 | I5: 1 | J5: =IFERROR(I5/K5,0) -> 0.0625 | K5: =G5+I5 -> 16 | L5: =F5-K5 -> 28 | M5: 17 | N5: 11 | O5: 0 | P5: 0 | Q5: =SUM(N5:P5) -> 11 | R5: =L5-SUM(M5:P5) -> 0
A6: 2 | B6: Panruti | C6: Panruti | D6: 21 | E6: 18 | F6: =D6+E6 -> 39 | G6: 13 | H6: =IFERROR(G6/K6,0) -> 0.92857143 | I6: 1 | J6: =IFERROR(I6/K6,0) -> 0.071428571 | K6: =G6+I6 -> 14 | L6: =F6-K6 -> 25 | M6: 18 | N6: 7 | O6: 0 | P6: 0 | Q6: =SUM(N6:P6) -> 7 | R6: =L6-SUM(M6:P6) -> 0
A7: 3 | B7: Panruti | C7: Nellikuppam | D7: 14 | E7: 17 | F7: =D7+E7 -> 31 | G7: 2 | H7: =IFERROR(G7/K7,0) -> 1 | I7: 0 | J7: =IFERROR(I7/K7,0) -> 0 | K7: =G7+I7 -> 2 | L7: =F7-K7 -> 29 | M7: 16 | N7: 13 | O7: 0 | P7: 0 | Q7: =SUM(N7:P7) -> 13 | R7: =L7-SUM(M7:P7) -> 0
A8: 4 | B8: Chidhambaram | C8: Chidambaram | D8: 4 | E8: 6 | F8: =D8+E8 -> 10 | G8: 1 | H8: =IFERROR(G8/K8,0) -> 1 | I8: 0 | J8: =IFERROR(I8/K8,0) -> 0 | K8: =G8+I8 -> 1 | L8: =F8-K8 -> 9 | M8: 6 | N8: 3 | O8: 0 | P8: 0 | Q8: =SUM(N8:P8) -> 3 | R8: =L8-SUM(M8:P8) -> 0
A9: 5 | B9: Viruthachalam | C9: Virudhachalam | D9: 36 | E9: 22 | F9: =D9+E9 -> 58 | G9: 29 | H9: =IFERROR(G9/K9,0) -> 0.93548387 | I9: 2 | J9: =IFERROR(I9/K9,0) -> 0.064516129 | K9: =G9+I9 -> 31 | L9: =F9-K9 -> 27 | M9: 21 | N9: 6 | O9: 0 | P9: 0 | Q9: =SUM(N9:P9) -> 6 | R9: =L9-SUM(M9:P9) -> 0
B10: District Total | D10: =SUM(D5:INDEX(D:D,ROW()-1)) -> 98 | E10: =SUM(E5:INDEX(E:E,ROW()-1)) -> 84 | F10: =D10+E10 -> 182 | G10: =SUM(G5:INDEX(G:G,ROW()-1)) -> 60 | H10: =IFERROR(G10/K10,0) -> 0.9375 | I10: =SUM(I5:INDEX(I:I,ROW()-1)) -> 4 | J10: =IFERROR(I10/K10,0) -> 0.0625 | K10: =G10+I10 -> 64 | L10: =F10-K10 -> 118 | M10: =SUM(M5:INDEX(M:M,ROW()-1)) -> 78 | N10: =SUM(N5:INDEX(N:N,ROW()-1)) -> 40 | O10: =SUM(O5:INDEX(O:O,ROW()-1)) -> 0 | P10: =SUM(P5:INDEX(P:P,ROW()-1)) -> 0 | Q10: =SUM(N10:P10) -> 40 | R10: =L10-SUM(M10:P10) -> 0
A12: Blue = typed data (edit these). Black = formula (do not type over). To add a taluk/town: insert a row ABOVE the Total row and copy the row above it; totals, checks and the Dashboard update automatically.

Sheet cud -div
A1: CUDDALORE TALUK OPT(RURAL & NATHAM) FL (RURAL &NATHAM) , 01.09.2026 TO 30.09.2026
A2: S.No | B2: Taluk | C2: Name | D2: Desg. | E2: OPT (disposal) | G2: FL (disposal) | I2: Total disposal in Sep-26 | J2: Total disposal in Aug-26 | K2: Change (Sep − Aug) | L2: No. of surveyors
E3: Rural | F3: Natham | G3: Rural | H3: Natham
A4: 1 | B4: Cuddalore | C4: Bharathkumar | D4: FS | E4: 74 | F4: 10 | G4: 13 | H4: 12 | I4: =SUM(E4:H4) -> 109 | J4: 128 | K4: =I4-J4 -> -19
A5: 2 | B5: Cuddalore | C5: Dhivagar | D5: FS | E5: 80 | F5: 12 | G5: 14 | H5: 12 | I5: =SUM(E5:H5) -> 118 | J5: 136 | K5: =I5-J5 -> -18
A6: 3 | B6: Cuddalore | C6: Sindhuja | D6: SIS | E6: 72 | F6: 15 | G6: 13 | H6: 8 | I6: =SUM(E6:H6) -> 108 | J6: 128 | K6: =I6-J6 -> -20
A7: 4 | B7: Cuddalore | C7: P.Balaji | D7: SIS | E7: 75 | F7: 12 | G7: 16 | H7: 8 | I7: =SUM(E7:H7) -> 111 | J7: 119 | K7: =I7-J7 -> -8
A8: 5 | B8: Cuddalore | C8: V.Sangeetha | D8: SIS | E8: 84 | F8: 14 | G8: 14 | H8: 10 | I8: =SUM(E8:H8) -> 122 | J8: 132 | K8: =I8-J8 -> -10
A9: 6 | B9: Cuddalore | C9: Nanthankumar | D9: SIS | E9: 83 | F9: 12 | G9: 13 | H9: 10 | I9: =SUM(E9:H9) -> 118 | J9: 115 | K9: =I9-J9 -> 3
A10: 7 | B10: Cuddalore | C10: Balasubramaniyan | D10: LS | E10: 92 | F10: 12 | G10: 17 | H10: 10 | I10: =SUM(E10:H10) -> 131 | J10: 128 | K10: =I10-J10 -> 3
C11: Total | E11: =SUM(E4:INDEX(E:E,ROW()-1)) -> 560 | F11: =SUM(F4:INDEX(F:F,ROW()-1)) -> 87 | G11: =SUM(G4:INDEX(G:G,ROW()-1)) -> 100 | H11: =SUM(H4:INDEX(H:H,ROW()-1)) -> 70 | I11: =SUM(I4:INDEX(I:I,ROW()-1)) -> 817 | J11: =SUM(J4:INDEX(J:J,ROW()-1)) -> 886 | K11: =I11-J11 -> -69 | L11: =COUNTA(C4:INDEX(C:C,ROW()-1)) -> 7
C12: Average | E12: =IFERROR(E11/$L11,0) -> 80 | F12: =IFERROR(F11/$L11,0) -> 12.428571 | G12: =IFERROR(G11/$L11,0) -> 14.285714 | H12: =IFERROR(H11/$L11,0) -> 10 | I12: =IFERROR(I11/$L11,0) -> 116.71429 | J12: =IFERROR(J11/$L11,0) -> 126.57143 | K12: =IFERROR(K11/$L11,0) -> -9.8571429
A15: PANRUTI TALUK OPT(RURAL & NATHAM) FL (RURAL &NATHAM) , 01.09.2026 TO 30.09.2026
A16: S.No | B16: Taluk | C16: Name | D16: Desg. | E16: OPT (disposal) | G16: FL (disposal) | I16: Total disposal in Sep-26 | J16: Total disposal in Aug-26 | K16: Change (Sep − Aug) | L16: No. of surveyors
E17: Rural | F17: Natham | G17: Rural | H17: Natham
A18: 1 | B18: Panruti | C18: Alamelumangai | D18: SIS | E18: 50 | F18: 17 | G18: 19 | H18: 8 | I18: =SUM(E18:H18) -> 94 | J18: 115 | K18: =I18-J18 -> -21
A19: 2 | B19: Panruti | C19: Kaviyarasan | D19: SIS | E19: 60 | F19: 20 | G19: 17 | H19: 12 | I19: =SUM(E19:H19) -> 109 | J19: 104 | K19: =I19-J19 -> 5
A20: 3 | B20: Panruti | C20: Vijayalakshmi | D20: SIS | E20: 65 | F20: 18 | G20: 15 | H20: 9 | I20: =SUM(E20:H20) -> 107 | J20: 124 | K20: =I20-J20 -> -17
A21: 4 | B21: Panruti | C21: Saravanan | D21: SIS | E21: 60 | F21: 17 | G21: 26 | H21: 11 | I21: =SUM(E21:H21) -> 114 | J21: 132 | K21: =I21-J21 -> -18
A22: 5 | B22: Panruti | C22: Sangeetha | D22: MFS | E22: 64 | F22: 22 | G22: 15 | H22: 14 | I22: =SUM(E22:H22) -> 115 | J22: 133 | K22: =I22-J22 -> -18
A23: 6 | B23: Panruti | C23: Dharani | D23: SIS | E23: 69 | F23: 18 | G23: 20 | H23: 17 | I23: =SUM(E23:H23) -> 124 | J23: 104 | K23: =I23-J23 -> 20
A24: 7 | B24: Panruti | C24: Hariharan | D24: SIS | E24: 63 | F24: 15 | G24: 16 | H24: 9 | I24: =SUM(E24:H24) -> 103 | J24: 106 | K24: =I24-J24 -> -3
A25: 8 | B25: Panruti | C25: Vinoth | D25: LS | E25: 60 | F25: 0 | G25: 0 | H25: 0 | I25: =SUM(E25:H25) -> 60 | J25: 98 | K25: =I25-J25 -> -38
C26: Total | E26: =SUM(E18:INDEX(E:E,ROW()-1)) -> 491 | F26: =SUM(F18:INDEX(F:F,ROW()-1)) -> 127 | G26: =SUM(G18:INDEX(G:G,ROW()-1)) -> 128 | H26: =SUM(H18:INDEX(H:H,ROW()-1)) -> 80 | I26: =SUM(I18:INDEX(I:I,ROW()-1)) -> 826 | J26: =SUM(J18:INDEX(J:J,ROW()-1)) -> 916 | K26: =I26-J26 -> -90 | L26: =COUNTA(C18:INDEX(C:C,ROW()-1)) -> 8
C27: Average | E27: =IFERROR(E26/$L26,0) -> 61.375 | F27: =IFERROR(F26/$L26,0) -> 15.875 | G27: =IFERROR(G26/$L26,0) -> 16 | H27: =IFERROR(H26/$L26,0) -> 10 | I27: =IFERROR(I26/$L26,0) -> 103.25 | J27: =IFERROR(J26/$L26,0) -> 114.5 | K27: =IFERROR(K26/$L26,0) -> -11.25
A30: KURINJIPADI TALUK OPT(RURAL & NATHAM) FL (RURAL &NATHAM) , 01.09.2026 TO 30.09.2026
A31: S.No | B31: Taluk | C31: Name | D31: Desg. | E31: OPT (disposal) | G31: FL (disposal) | I31: Total disposal in Sep-26 | J31: Total disposal in Aug-26 | K31: Change (Sep − Aug) | L31: No. of surveyors
E32: Rural | F32: Natham | G32: Rural | H32: Natham
A33: 1 | B33: Kurinjipadi | C33: Sindhuja | D33: SIS | E33: 56 | F33: 21 | G33: 16 | H33: 12 | I33: =SUM(E33:H33) -> 105 | J33: 91 | K33: =I33-J33 -> 14
A34: 2 | B34: Kurinjipadi | C34: V.Surendher | D34: SIS | E34: 92 | F34: 9 | G34: 14 | H34: 4 | I34: =SUM(E34:H34) -> 119 | J34: 88 | K34: =I34-J34 -> 31
A35: 3 | B35: Kurinjipadi | C35: Pandian | D35: SIS | E35: 75 | F35: 12 | G35: 27 | H35: 10 | I35: =SUM(E35:H35) -> 124 | J35: 92 | K35: =I35-J35 -> 32
A36: 4 | B36: Kurinjipadi | C36: AshokKumar | D36: SIS | E36: 35 | F36: 4 | G36: 3 | H36: 2 | I36: =SUM(E36:H36) -> 44 | J36: 84 | K36: =I36-J36 -> -40
A37: 5 | B37: Kurinjipadi | C37: Siddharathan | D37: MFS | E37: 28 | F37: 10 | G37: 14 | H37: 9 | I37: =SUM(E37:H37) -> 61 | J37: 82 | K37: =I37-J37 -> -21
A38: 6 | B38: Kurinjipadi | C38: Anbukarasi | D38: SIS | E38: 38 | F38: 6 | G38: 17 | H38: 0 | I38: =SUM(E38:H38) -> 61 | J38: 84 | K38: =I38-J38 -> -23
A39: 7 | B39: Kurinjipadi | C39: Thirumalai | D39: FS | E39: 31 | F39: 9 | G39: 9 | H39: 5 | I39: =SUM(E39:H39) -> 54 | J39: 88 | K39: =I39-J39 -> -34
A40: 8 | B40: Kurinjipadi | C40: Shakila | D40: FS | E40: 19 | F40: 11 | G40: 11 | H40: 3 | I40: =SUM(E40:H40) -> 44 | J40: 78 | K40: =I40-J40 -> -34
A41: 9 | B41: Kurinjipadi | C41: Manikandan | D41: FS | E41: 18 | F41: 8 | G41: 7 | H41: 1 | I41: =SUM(E41:H41) -> 34 | J41: 79 | K41: =I41-J41 -> -45
A42: 10 | B42: Kurinjipadi | C42: AshokKumar | D42: LS | E42: 33 | F42: 16 | G42: 4 | H42: 3 | I42: =SUM(E42:H42) -> 56 | J42: 79 | K42: =I42-J42 -> -23
A43: 11 | B43: Kurinjipadi | C43: Rajkumar | D43: LS | E43: 28 | F43: 7 | G43: 11 | H43: 7 | I43: =SUM(E43:H43) -> 53 | J43: 76 | K43: =I43-J43 -> -23
C44: Total | E44: =SUM(E33:INDEX(E:E,ROW()-1)) -> 453 | F44: =SUM(F33:INDEX(F:F,ROW()-1)) -> 113 | G44: =SUM(G33:INDEX(G:G,ROW()-1)) -> 133 | H44: =SUM(H33:INDEX(H:H,ROW()-1)) -> 56 | I44: =SUM(I33:INDEX(I:I,ROW()-1)) -> 755 | J44: =SUM(J33:INDEX(J:J,ROW()-1)) -> 921 | K44: =I44-J44 -> -166 | L44: =COUNTA(C33:INDEX(C:C,ROW()-1)) -> 11
C45: Average | E45: =IFERROR(E44/$L44,0) -> 41.181818 | F45: =IFERROR(F44/$L44,0) -> 10.272727 | G45: =IFERROR(G44/$L44,0) -> 12.090909 | H45: =IFERROR(H44/$L44,0) -> 5.0909091 | I45: =IFERROR(I44/$L44,0) -> 68.636364 | J45: =IFERROR(J44/$L44,0) -> 83.727273 | K45: =IFERROR(K44/$L44,0) -> -15.090909
A48: Blue = typed data. To add a surveyor: insert a row ABOVE the taluk's Total row and copy the row above; totals, averages, the abstract and the Dashboard update automatically.

Sheet cdm-div
A1: CHIDAMBARAM TALUK OPT(RURAL & NATHAM) FL (RURAL &NATHAM) , 01.09.2026 TO 30.09.2026
A2: S.No | B2: Taluk | C2: Name | D2: Desg. | E2: OPT (disposal) | G2: FL (disposal) | I2: Total disposal in Sep-26 | J2: Total disposal in Aug-26 | K2: Change (Sep − Aug) | L2: No. of surveyors
E3: Rural | F3: Natham | G3: Rural | H3: Natham
A4: 1 | B4: Chidambaram | C4: S.Gurumoorthi | D4: SIS | E4: 50 | F4: 17 | G4: 20 | H4: 9 | I4: =SUM(E4:H4) -> 96 | J4: 105 | K4: =I4-J4 -> -9
A5: 2 | B5: Chidambaram | C5: P.Rameshkumar | D5: SIS | E5: 49 | F5: 21 | G5: 19 | H5: 8 | I5: =SUM(E5:H5) -> 97 | J5: 96 | K5: =I5-J5 -> 1
A6: 3 | B6: Chidambaram | C6: A.Parthiban | D6: MFS | E6: 0 | F6: 0 | G6: 0 | H6: 0 | I6: =SUM(E6:H6) -> 0 | J6: 0 | K6: =I6-J6 -> 0
A7: 4 | B7: Chidambaram | C7: P.Narmadha | D7: MFS | E7: 46 | F7: 12 | G7: 18 | H7: 13 | I7: =SUM(E7:H7) -> 89 | J7: 97 | K7: =I7-J7 -> -8
A8: 5 | B8: Chidambaram | C8: Sudhersan | D8: MFS | E8: 44 | F8: 12 | G8: 17 | H8: 9 | I8: =SUM(E8:H8) -> 82 | J8: 87 | K8: =I8-J8 -> -5
A9: 6 | B9: Chidambaram | C9: P.Praveenkumar | D9: LS | E9: 48 | F9: 7 | G9: 4 | H9: 0 | I9: =SUM(E9:H9) -> 59 | J9: 94 | K9: =I9-J9 -> -35
A10: 7 | B10: Chidambaram | C10: Maharajan | D10: LS | E10: 36 | F10: 4 | G10: 10 | H10: 7 | I10: =SUM(E10:H10) -> 57 | J10: 96 | K10: =I10-J10 -> -39
A11: 8 | B11: Chidambaram | C11: M.Kalaivanan | D11: LS | E11: 29 | F11: 3 | G11: 16 | H11: 5 | I11: =SUM(E11:H11) -> 53 | J11: 89 | K11: =I11-J11 -> -36
A12: 9 | B12: Chidambaram | C12: A.Vinostalin | D12: LS | E12: 48 | F12: 3 | G12: 4 | H12: 1 | I12: =SUM(E12:H12) -> 56 | J12: 80 | K12: =I12-J12 -> -24
C13: Total | E13: =SUM(E4:INDEX(E:E,ROW()-1)) -> 350 | F13: =SUM(F4:INDEX(F:F,ROW()-1)) -> 79 | G13: =SUM(G4:INDEX(G:G,ROW()-1)) -> 108 | H13: =SUM(H4:INDEX(H:H,ROW()-1)) -> 52 | I13: =SUM(I4:INDEX(I:I,ROW()-1)) -> 589 | J13: =SUM(J4:INDEX(J:J,ROW()-1)) -> 744 | K13: =I13-J13 -> -155 | L13: =COUNTA(C4:INDEX(C:C,ROW()-1)) -> 9
C14: Average | E14: =IFERROR(E13/$L13,0) -> 38.888889 | F14: =IFERROR(F13/$L13,0) -> 8.7777778 | G14: =IFERROR(G13/$L13,0) -> 12 | H14: =IFERROR(H13/$L13,0) -> 5.7777778 | I14: =IFERROR(I13/$L13,0) -> 65.444444 | J14: =IFERROR(J13/$L13,0) -> 82.666667 | K14: =IFERROR(K13/$L13,0) -> -17.222222
A17: BHUVANAGIRI TALUK OPT(RURAL & NATHAM) FL (RURAL &NATHAM) , 01.09.2026 TO 30.09.2026
A18: S.No | B18: Taluk | C18: Name | D18: Desg. | E18: OPT (disposal) | G18: FL (disposal) | I18: Total disposal in Sep-26 | J18: Total disposal in Aug-26 | K18: Change (Sep − Aug) | L18: No. of surveyors
E19: Rural | F19: Natham | G19: Rural | H19: Natham
A20: 1 | B20: Bhuvanagiri | C20: M.Sowmiya | D20: SIS | E20: 44 | F20: 15 | G20: 20 | H20: 16 | I20: =SUM(E20:H20) -> 95 | J20: 128 | K20: =I20-J20 -> -33
A21: 2 | B21: Bhuvanagiri | C21: R.Raguaman | D21: SIS | E21: 76 | F21: 12 | G21: 24 | H21: 12 | I21: =SUM(E21:H21) -> 124 | J21: 148 | K21: =I21-J21 -> -24
A22: 3 | B22: Bhuvanagiri | C22: M.Jesima | D22: MFS | E22: 67 | F22: 30 | G22: 28 | H22: 16 | I22: =SUM(E22:H22) -> 141 | J22: 152 | K22: =I22-J22 -> -11
A23: 4 | B23: Bhuvanagiri | C23: S.Thirumaran | D23: LS | E23: 36 | F23: 32 | G23: 16 | H23: 11 | I23: =SUM(E23:H23) -> 95 | J23: 126 | K23: =I23-J23 -> -31
A24: 5 | B24: Bhuvanagiri | C24: G.suresh | D24: LS | E24: 24 | F24: 28 | G24: 19 | H24: 11 | I24: =SUM(E24:H24) -> 82 | J24: 132 | K24: =I24-J24 -> -50
C25: Total | E25: =SUM(E20:INDEX(E:E,ROW()-1)) -> 247 | F25: =SUM(F20:INDEX(F:F,ROW()-1)) -> 117 | G25: =SUM(G20:INDEX(G:G,ROW()-1)) -> 107 | H25: =SUM(H20:INDEX(H:H,ROW()-1)) -> 66 | I25: =SUM(I20:INDEX(I:I,ROW()-1)) -> 537 | J25: =SUM(J20:INDEX(J:J,ROW()-1)) -> 686 | K25: =I25-J25 -> -149 | L25: =COUNTA(C20:INDEX(C:C,ROW()-1)) -> 5
C26: Average | E26: =IFERROR(E25/$L25,0) -> 49.4 | F26: =IFERROR(F25/$L25,0) -> 23.4 | G26: =IFERROR(G25/$L25,0) -> 21.4 | H26: =IFERROR(H25/$L25,0) -> 13.2 | I26: =IFERROR(I25/$L25,0) -> 107.4 | J26: =IFERROR(J25/$L25,0) -> 137.2 | K26: =IFERROR(K25/$L25,0) -> -29.8
A29: KATTUMANNARKOIL TALUK OPT(RURAL & NATHAM) FL (RURAL &NATHAM) , 01.09.2026 TO 30.09.2026
A30: S.No | B30: Taluk | C30: Name | D30: Desg. | E30: OPT (disposal) | G30: FL (disposal) | I30: Total disposal in Sep-26 | J30: Total disposal in Aug-26 | K30: Change (Sep − Aug) | L30: No. of surveyors
E31: Rural | F31: Natham | G31: Rural | H31: Natham
A32: 1 | B32: Kattumannarkoil | C32: Ambalavanan | D32: SIS | E32: 39 | F32: 10 | G32: 15 | H32: 8 | I32: =SUM(E32:H32) -> 72 | J32: 102 | K32: =I32-J32 -> -30
A33: 2 | B33: Kattumannarkoil | C33: Balasundharam | D33: SIS | E33: 31 | F33: 11 | G33: 13 | H33: 11 | I33: =SUM(E33:H33) -> 66 | J33: 98 | K33: =I33-J33 -> -32
A34: 3 | B34: Kattumannarkoil | C34: Mahavidya | D34: SIS | E34: 30 | F34: 9 | G34: 12 | H34: 7 | I34: =SUM(E34:H34) -> 58 | J34: 88 | K34: =I34-J34 -> -30
A35: 4 | B35: Kattumannarkoil | C35: Parathaman | D35: SIS | E35: 33 | F35: 5 | G35: 12 | H35: 6 | I35: =SUM(E35:H35) -> 56 | J35: 96 | K35: =I35-J35 -> -40
A36: 5 | B36: Kattumannarkoil | C36: Ramesh | D36: MFS | E36: 73 | F36: 23 | G36: 18 | H36: 7 | I36: =SUM(E36:H36) -> 121 | J36: 136 | K36: =I36-J36 -> -15
A37: 6 | B37: Kattumannarkoil | C37: Meiyarasu | D37: LS | E37: 36 | F37: 8 | G37: 10 | H37: 7 | I37: =SUM(E37:H37) -> 61 | J37: 92 | K37: =I37-J37 -> -31
C38: Total | E38: =SUM(E32:INDEX(E:E,ROW()-1)) -> 242 | F38: =SUM(F32:INDEX(F:F,ROW()-1)) -> 66 | G38: =SUM(G32:INDEX(G:G,ROW()-1)) -> 80 | H38: =SUM(H32:INDEX(H:H,ROW()-1)) -> 46 | I38: =SUM(I32:INDEX(I:I,ROW()-1)) -> 434 | J38: =SUM(J32:INDEX(J:J,ROW()-1)) -> 612 | K38: =I38-J38 -> -178 | L38: =COUNTA(C32:INDEX(C:C,ROW()-1)) -> 6
C39: Average | E39: =IFERROR(E38/$L38,0) -> 40.333333 | F39: =IFERROR(F38/$L38,0) -> 11 | G39: =IFERROR(G38/$L38,0) -> 13.333333 | H39: =IFERROR(H38/$L38,0) -> 7.6666667 | I39: =IFERROR(I38/$L38,0) -> 72.333333 | J39: =IFERROR(J38/$L38,0) -> 102 | K39: =IFERROR(K38/$L38,0) -> -29.666667
A42: SRIMUSHNAM TALUK OPT(RURAL & NATHAM) FL (RURAL &NATHAM) , 01.09.2026 TO 30.09.2026
A43: S.No | B43: Taluk | C43: Name | D43: Desg. | E43: OPT (disposal) | G43: FL (disposal) | I43: Total disposal in Sep-26 | J43: Total disposal in Aug-26 | K43: Change (Sep − Aug) | L43: No. of surveyors
E44: Rural | F44: Natham | G44: Rural | H44: Natham
A45: 1 | B45: Srimushnam | C45: K.Natrajan | D45: FS | E45: 41 | F45: 16 | G45: 40 | H45: 20 | I45: =SUM(E45:H45) -> 117 | J45: 167 | K45: =I45-J45 -> -50
A46: 2 | B46: Srimushnam | C46: K.Ramesh | D46: LS | E46: 60 | F46: 20 | G46: 32 | H46: 14 | I46: =SUM(E46:H46) -> 126 | J46: 160 | K46: =I46-J46 -> -34
C47: Total | E47: =SUM(E45:INDEX(E:E,ROW()-1)) -> 101 | F47: =SUM(F45:INDEX(F:F,ROW()-1)) -> 36 | G47: =SUM(G45:INDEX(G:G,ROW()-1)) -> 72 | H47: =SUM(H45:INDEX(H:H,ROW()-1)) -> 34 | I47: =SUM(I45:INDEX(I:I,ROW()-1)) -> 243 | J47: =SUM(J45:INDEX(J:J,ROW()-1)) -> 327 | K47: =I47-J47 -> -84 | L47: =COUNTA(C45:INDEX(C:C,ROW()-1)) -> 2
C48: Average | E48: =IFERROR(E47/$L47,0) -> 50.5 | F48: =IFERROR(F47/$L47,0) -> 18 | G48: =IFERROR(G47/$L47,0) -> 36 | H48: =IFERROR(H47/$L47,0) -> 17 | I48: =IFERROR(I47/$L47,0) -> 121.5 | J48: =IFERROR(J47/$L47,0) -> 163.5 | K48: =IFERROR(K47/$L47,0) -> -42
A51: Blue = typed data. To add a surveyor: insert a row ABOVE the taluk's Total row and copy the row above; totals, averages, the abstract and the Dashboard update automatically.

Sheet vdm-div
A1: VIRUDHACHALAM TALUK OPT(RURAL & NATHAM) FL (RURAL &NATHAM) , 01.09.2026 TO 30.09.2026
A2: S.No | B2: Taluk | C2: Name | D2: Desg. | E2: OPT (disposal) | G2: FL (disposal) | I2: Total disposal in Sep-26 | J2: Total disposal in Aug-26 | K2: Change (Sep − Aug) | L2: No. of surveyors
E3: Rural | F3: Natham | G3: Rural | H3: Natham
A4: 1 | B4: Virudhachalam | C4: Loganathan | D4: MFS | E4: 42 | F4: 12 | G4: 14 | H4: 7 | I4: =SUM(E4:H4) -> 75 | J4: 86 | K4: =I4-J4 -> -11
A5: 2 | B5: Virudhachalam | C5: Nethaji | D5: MFS | E5: 35 | F5: 7 | G5: 11 | H5: 4 | I5: =SUM(E5:H5) -> 57 | J5: 80 | K5: =I5-J5 -> -23
A6: 3 | B6: Virudhachalam | C6: Rajkiran | D6: MFS | E6: 33 | F6: 5 | G6: 20 | H6: 6 | I6: =SUM(E6:H6) -> 64 | J6: 83 | K6: =I6-J6 -> -19
A7: 4 | B7: Virudhachalam | C7: Bakiyaraj | D7: FS | E7: 20 | F7: 6 | G7: 22 | H7: 3 | I7: =SUM(E7:H7) -> 51 | J7: 77 | K7: =I7-J7 -> -26
A8: 5 | B8: Virudhachalam | C8: Murugan | D8: SIS | E8: 27 | F8: 21 | G8: 25 | H8: 8 | I8: =SUM(E8:H8) -> 81 | J8: 88 | K8: =I8-J8 -> -7
A9: 6 | B9: Virudhachalam | C9: Ravidoss | D9: SIS | E9: 29 | F9: 11 | G9: 21 | H9: 8 | I9: =SUM(E9:H9) -> 69 | J9: 89 | K9: =I9-J9 -> -20
A10: 7 | B10: Virudhachalam | C10: Sivakumar | D10: SIS | E10: 42 | F10: 8 | G10: 13 | H10: 4 | I10: =SUM(E10:H10) -> 67 | J10: 86 | K10: =I10-J10 -> -19
A11: 8 | B11: Virudhachalam | C11: ArunPandiyan | D11: LS | E11: 52 | F11: 16 | G11: 36 | H11: 15 | I11: =SUM(E11:H11) -> 119 | J11: 97 | K11: =I11-J11 -> 22
A12: 9 | B12: Virudhachalam | C12: Pachaiyappan | D12: LS | E12: 31 | F12: 15 | G12: 21 | H12: 14 | I12: =SUM(E12:H12) -> 81 | J12: 97 | K12: =I12-J12 -> -16
A13: 10 | B13: Virudhachalam | C13: Abinaya | D13: LS | E13: 40 | F13: 12 | G13: 16 | H13: 10 | I13: =SUM(E13:H13) -> 78 | J13: 90 | K13: =I13-J13 -> -12
C14: Total | E14: =SUM(E4:INDEX(E:E,ROW()-1)) -> 351 | F14: =SUM(F4:INDEX(F:F,ROW()-1)) -> 113 | G14: =SUM(G4:INDEX(G:G,ROW()-1)) -> 199 | H14: =SUM(H4:INDEX(H:H,ROW()-1)) -> 79 | I14: =SUM(I4:INDEX(I:I,ROW()-1)) -> 742 | J14: =SUM(J4:INDEX(J:J,ROW()-1)) -> 873 | K14: =I14-J14 -> -131 | L14: =COUNTA(C4:INDEX(C:C,ROW()-1)) -> 10
C15: Average | E15: =IFERROR(E14/$L14,0) -> 35.1 | F15: =IFERROR(F14/$L14,0) -> 11.3 | G15: =IFERROR(G14/$L14,0) -> 19.9 | H15: =IFERROR(H14/$L14,0) -> 7.9 | I15: =IFERROR(I14/$L14,0) -> 74.2 | J15: =IFERROR(J14/$L14,0) -> 87.3 | K15: =IFERROR(K14/$L14,0) -> -13.1
A18: TITAKUDI TALUK OPT(RURAL & NATHAM) FL (RURAL &NATHAM) , 01.09.2026 TO 30.09.2026
A19: S.No | B19: Taluk | C19: Name | D19: Desg. | E19: OPT (disposal) | G19: FL (disposal) | I19: Total disposal in Sep-26 | J19: Total disposal in Aug-26 | K19: Change (Sep − Aug) | L19: No. of surveyors
E20: Rural | F20: Natham | G20: Rural | H20: Natham
A21: 1 | B21: Titakudi | C21: J.Jagatheeswaran | D21: MFS | E21: 22 | F21: 21 | G21: 38 | H21: 15 | I21: =SUM(E21:H21) -> 96 | J21: 120 | K21: =I21-J21 -> -24
A22: 2 | B22: Titakudi | C22: T.Narendirawarma | D22: SIS | E22: 20 | F22: 12 | G22: 52 | H22: 16 | I22: =SUM(E22:H22) -> 100 | J22: 124 | K22: =I22-J22 -> -24
A23: 3 | B23: Titakudi | C23: V.Maheswaran | D23: MFS | E23: 22 | F23: 16 | G23: 49 | H23: 15 | I23: =SUM(E23:H23) -> 102 | J23: 98 | K23: =I23-J23 -> 4
A24: 4 | B24: Titakudi | C24: D.Kalaiyarasan | D24: MFS | E24: 33 | F24: 13 | G24: 40 | H24: 14 | I24: =SUM(E24:H24) -> 100 | J24: 114 | K24: =I24-J24 -> -14
A25: 5 | B25: Titakudi | C25: S.Murugan | D25: FS | E25: 24 | F25: 7 | G25: 40 | H25: 16 | I25: =SUM(E25:H25) -> 87 | J25: 120 | K25: =I25-J25 -> -33
C26: Total | E26: =SUM(E21:INDEX(E:E,ROW()-1)) -> 121 | F26: =SUM(F21:INDEX(F:F,ROW()-1)) -> 69 | G26: =SUM(G21:INDEX(G:G,ROW()-1)) -> 219 | H26: =SUM(H21:INDEX(H:H,ROW()-1)) -> 76 | I26: =SUM(I21:INDEX(I:I,ROW()-1)) -> 485 | J26: =SUM(J21:INDEX(J:J,ROW()-1)) -> 576 | K26: =I26-J26 -> -91 | L26: =COUNTA(C21:INDEX(C:C,ROW()-1)) -> 5
C27: Average | E27: =IFERROR(E26/$L26,0) -> 24.2 | F27: =IFERROR(F26/$L26,0) -> 13.8 | G27: =IFERROR(G26/$L26,0) -> 43.8 | H27: =IFERROR(H26/$L26,0) -> 15.2 | I27: =IFERROR(I26/$L26,0) -> 97 | J27: =IFERROR(J26/$L26,0) -> 115.2 | K27: =IFERROR(K26/$L26,0) -> -18.2
A30: VEPPUR TALUK OPT(RURAL & NATHAM) FL (RURAL &NATHAM) , 01.09.2026 TO 30.09.2026
A31: S.No | B31: Taluk | C31: Name | D31: Desg. | E31: OPT (disposal) | G31: FL (disposal) | I31: Total disposal in Sep-26 | J31: Total disposal in Aug-26 | K31: Change (Sep − Aug) | L31: No. of surveyors
E32: Rural | F32: Natham | G32: Rural | H32: Natham
A33: 1 | B33: Veppur | C33: Siva | D33: SIS | E33: 61 | F33: 7 | G33: 21 | H33: 2 | I33: =SUM(E33:H33) -> 91 | J33: 109 | K33: =I33-J33 -> -18
A34: 2 | B34: Veppur | C34: Anandavalli | D34: MFS | E34: 37 | F34: 14 | G34: 15 | H34: 7 | I34: =SUM(E34:H34) -> 73 | J34: 101 | K34: =I34-J34 -> -28
A35: 3 | B35: Veppur | C35: Subashchandrabose | D35: MFS | E35: 38 | F35: 14 | G35: 35 | H35: 13 | I35: =SUM(E35:H35) -> 100 | J35: 107 | K35: =I35-J35 -> -7
A36: 4 | B36: Veppur | C36: Dhivya | D36: FS | E36: 49 | F36: 11 | G36: 13 | H36: 2 | I36: =SUM(E36:H36) -> 75 | J36: 106 | K36: =I36-J36 -> -31
A37: 5 | B37: Veppur | C37: Kesavan | D37: FS | E37: 53 | F37: 17 | G37: 16 | H37: 8 | I37: =SUM(E37:H37) -> 94 | J37: 102 | K37: =I37-J37 -> -8
A38: 6 | B38: Veppur | C38: Seethalakshmi | D38: FS | E38: 40 | F38: 13 | G38: 16 | H38: 7 | I38: =SUM(E38:H38) -> 76 | J38: 96 | K38: =I38-J38 -> -20
C39: Total | E39: =SUM(E33:INDEX(E:E,ROW()-1)) -> 278 | F39: =SUM(F33:INDEX(F:F,ROW()-1)) -> 76 | G39: =SUM(G33:INDEX(G:G,ROW()-1)) -> 116 | H39: =SUM(H33:INDEX(H:H,ROW()-1)) -> 39 | I39: =SUM(I33:INDEX(I:I,ROW()-1)) -> 509 | J39: =SUM(J33:INDEX(J:J,ROW()-1)) -> 621 | K39: =I39-J39 -> -112 | L39: =COUNTA(C33:INDEX(C:C,ROW()-1)) -> 6
C40: Average | E40: =IFERROR(E39/$L39,0) -> 46.333333 | F40: =IFERROR(F39/$L39,0) -> 12.666667 | G40: =IFERROR(G39/$L39,0) -> 19.333333 | H40: =IFERROR(H39/$L39,0) -> 6.5 | I40: =IFERROR(I39/$L39,0) -> 84.833333 | J40: =IFERROR(J39/$L39,0) -> 103.5 | K40: =IFERROR(K39/$L39,0) -> -18.666667
A43: Blue = typed data. To add a surveyor: insert a row ABOVE the taluk's Total row and copy the row above; totals, averages, the abstract and the Dashboard update automatically.

Sheet urban
A1: URBAN SURVEYOR WISE DISPOSAL 01.09.2026 TO 30.09.2026
A3: S.No | B3: Taluk | C3: Town | D3: Surveyor name | E3: Desg. | F3: ISD (disposal) | G3: NISD (disposal) | H3: FL (disposal) | I3: Total disposal in Sep-26 | J3: Total disposal in Aug-26 | K3: Change (Sep − Aug)
A5: 1 | B5: Cuddalore | C5: Cuddalore | D5: RAGUMAN | E5: SIS | F5: 71 | G5: 100 | H5: 9 | I5: =SUM(F5:H5) -> 180 | J5: 141 | K5: =I5-J5 -> 39
A6: 2 | B6: Cuddalore | C6: Cuddalore | D6: SIDDANANTHA | E6: SIS | F6: 66 | G6: 79 | H6: 7 | I6: =SUM(F6:H6) -> 152 | J6: 138 | K6: =I6-J6 -> 14
B7: Cuddalore total | F7: =SUMIF($B:$B,"Cuddalore",F:F) -> 137 | G7: =SUMIF($B:$B,"Cuddalore",G:G) -> 179 | H7: =SUMIF($B:$B,"Cuddalore",H:H) -> 16 | I7: =SUMIF($B:$B,"Cuddalore",I:I) -> 332 | J7: =SUMIF($B:$B,"Cuddalore",J:J) -> 279 | K7: =I7-J7 -> 53
A8: 1 | B8: Panruti | C8: Panruti | D8: PANEERSELVAM | E8: SIS | F8: 50 | G8: 167 | H8: 14 | I8: =SUM(F8:H8) -> 231 | J8: 220 | K8: =I8-J8 -> 11
A9: 2 | B9: Panruti | C9: Nelikuppam | D9: THIRUMOORTHY | E9: SIS | F9: 83 | G9: 112 | H9: 2 | I9: =SUM(F9:H9) -> 197 | J9: 164 | K9: =I9-J9 -> 33
B10: Panruti total | F10: =SUMIF($B:$B,"Panruti",F:F) -> 133 | G10: =SUMIF($B:$B,"Panruti",G:G) -> 279 | H10: =SUMIF($B:$B,"Panruti",H:H) -> 16 | I10: =SUMIF($B:$B,"Panruti",I:I) -> 428 | J10: =SUMIF($B:$B,"Panruti",J:J) -> 384 | K10: =I10-J10 -> 44
A11: 1 | B11: Chidambaram | C11: Chidambaram | D11: PREMKUMAR | E11: SIS | F11: 7 | G11: 81 | H11: 1 | I11: =SUM(F11:H11) -> 89 | J11: 79 | K11: =I11-J11 -> 10
A12: 1 | B12: Virudhachalam | C12: Virudhachalam | D12: RAJMOHAN | E12: SIS | F12: 73 | G12: 262 | H12: 31 | I12: =SUM(F12:H12) -> 366 | J12: 315 | K12: =I12-J12 -> 51
A14: Blue = typed data. Taluk must be written on every surveyor row; the abstract adds urban disposal to each taluk by matching this Taluk column.

Sheet abstract
A1: SURVEYOR PERFORMANCE ABSTRACT
A2: Rural (division sheets) + urban surveyors, 01.09.2026 to 30.09.2026
A3: S.No | B3: Taluk | C3: Rural & urban disposal in September | D3: Average in September | E3: Rural & urban disposal in August | F3: Average in August | G3: No. of surveyors | H3: Change (Sep − Aug) | I3: Change %
A5: 1 | B5: Cuddalore | C5: ='cud -div'!I11+SUMIF(urban!$B:$B,$B5,urban!$I:$I) -> 1149 | D5: =IFERROR(C5/G5,0) -> 127.66667 | E5: ='cud -div'!J11+SUMIF(urban!$B:$B,$B5,urban!$J:$J) -> 1165 | F5: =IFERROR(E5/G5,0) -> 129.44444 | G5: ='cud -div'!L11+COUNTIF(urban!$B:$B,$B5) -> 9 | H5: =C5-E5 -> -16 | I5: =IFERROR(H5/E5,0) -> -0.013733906
A6: 2 | B6: Panruti | C6: ='cud -div'!I26+SUMIF(urban!$B:$B,$B6,urban!$I:$I) -> 1254 | D6: =IFERROR(C6/G6,0) -> 125.4 | E6: ='cud -div'!J26+SUMIF(urban!$B:$B,$B6,urban!$J:$J) -> 1300 | F6: =IFERROR(E6/G6,0) -> 130 | G6: ='cud -div'!L26+COUNTIF(urban!$B:$B,$B6) -> 10 | H6: =C6-E6 -> -46 | I6: =IFERROR(H6/E6,0) -> -0.035384615
A7: 3 | B7: Kurinjipadi | C7: ='cud -div'!I44+SUMIF(urban!$B:$B,$B7,urban!$I:$I) -> 755 | D7: =IFERROR(C7/G7,0) -> 68.636364 | E7: ='cud -div'!J44+SUMIF(urban!$B:$B,$B7,urban!$J:$J) -> 921 | F7: =IFERROR(E7/G7,0) -> 83.727273 | G7: ='cud -div'!L44+COUNTIF(urban!$B:$B,$B7) -> 11 | H7: =C7-E7 -> -166 | I7: =IFERROR(H7/E7,0) -> -0.18023887
A8: 4 | B8: Chidambaram | C8: ='cdm-div'!I13+SUMIF(urban!$B:$B,$B8,urban!$I:$I) -> 678 | D8: =IFERROR(C8/G8,0) -> 67.8 | E8: ='cdm-div'!J13+SUMIF(urban!$B:$B,$B8,urban!$J:$J) -> 823 | F8: =IFERROR(E8/G8,0) -> 82.3 | G8: ='cdm-div'!L13+COUNTIF(urban!$B:$B,$B8) -> 10 | H8: =C8-E8 -> -145 | I8: =IFERROR(H8/E8,0) -> -0.17618469
A9: 5 | B9: Bhuvanagiri | C9: ='cdm-div'!I25+SUMIF(urban!$B:$B,$B9,urban!$I:$I) -> 537 | D9: =IFERROR(C9/G9,0) -> 107.4 | E9: ='cdm-div'!J25+SUMIF(urban!$B:$B,$B9,urban!$J:$J) -> 686 | F9: =IFERROR(E9/G9,0) -> 137.2 | G9: ='cdm-div'!L25+COUNTIF(urban!$B:$B,$B9) -> 5 | H9: =C9-E9 -> -149 | I9: =IFERROR(H9/E9,0) -> -0.21720117
A10: 6 | B10: Kattumannarkoil | C10: ='cdm-div'!I38+SUMIF(urban!$B:$B,$B10,urban!$I:$I) -> 434 | D10: =IFERROR(C10/G10,0) -> 72.333333 | E10: ='cdm-div'!J38+SUMIF(urban!$B:$B,$B10,urban!$J:$J) -> 612 | F10: =IFERROR(E10/G10,0) -> 102 | G10: ='cdm-div'!L38+COUNTIF(urban!$B:$B,$B10) -> 6 | H10: =C10-E10 -> -178 | I10: =IFERROR(H10/E10,0) -> -0.29084967
A11: 7 | B11: Srimushnam | C11: ='cdm-div'!I47+SUMIF(urban!$B:$B,$B11,urban!$I:$I) -> 243 | D11: =IFERROR(C11/G11,0) -> 121.5 | E11: ='cdm-div'!J47+SUMIF(urban!$B:$B,$B11,urban!$J:$J) -> 327 | F11: =IFERROR(E11/G11,0) -> 163.5 | G11: ='cdm-div'!L47+COUNTIF(urban!$B:$B,$B11) -> 2 | H11: =C11-E11 -> -84 | I11: =IFERROR(H11/E11,0) -> -0.25688073
A12: 8 | B12: Virudhachalam | C12: ='vdm-div'!I14+SUMIF(urban!$B:$B,$B12,urban!$I:$I) -> 1108 | D12: =IFERROR(C12/G12,0) -> 100.72727 | E12: ='vdm-div'!J14+SUMIF(urban!$B:$B,$B12,urban!$J:$J) -> 1188 | F12: =IFERROR(E12/G12,0) -> 108 | G12: ='vdm-div'!L14+COUNTIF(urban!$B:$B,$B12) -> 11 | H12: =C12-E12 -> -80 | I12: =IFERROR(H12/E12,0) -> -0.067340067
A13: 9 | B13: Titakudi | C13: ='vdm-div'!I26+SUMIF(urban!$B:$B,$B13,urban!$I:$I) -> 485 | D13: =IFERROR(C13/G13,0) -> 97 | E13: ='vdm-div'!J26+SUMIF(urban!$B:$B,$B13,urban!$J:$J) -> 576 | F13: =IFERROR(E13/G13,0) -> 115.2 | G13: ='vdm-div'!L26+COUNTIF(urban!$B:$B,$B13) -> 5 | H13: =C13-E13 -> -91 | I13: =IFERROR(H13/E13,0) -> -0.15798611
A14: 10 | B14: Veppur | C14: ='vdm-div'!I39+SUMIF(urban!$B:$B,$B14,urban!$I:$I) -> 509 | D14: =IFERROR(C14/G14,0) -> 84.833333 | E14: ='vdm-div'!J39+SUMIF(urban!$B:$B,$B14,urban!$J:$J) -> 621 | F14: =IFERROR(E14/G14,0) -> 103.5 | G14: ='vdm-div'!L39+COUNTIF(urban!$B:$B,$B14) -> 6 | H14: =C14-E14 -> -112 | I14: =IFERROR(H14/E14,0) -> -0.18035427
B15: District total | C15: =SUM(C5:INDEX(C:C,ROW()-1)) -> 7152 | D15: =IFERROR(C15/G15,0) -> 95.36 | E15: =SUM(E5:INDEX(E:E,ROW()-1)) -> 8219 | F15: =IFERROR(E15/G15,0) -> 109.58667 | G15: =SUM(G5:INDEX(G:G,ROW()-1)) -> 75 | H15: =SUM(H5:INDEX(H:H,ROW()-1)) -> -1067 | I15: =IFERROR(H15/E15,0) -> -0.12982115
A17: All figures are formulas: division sheet Total row + urban surveyors with the same taluk name. Average = disposal ÷ number of surveyors.

Sheet Checks
A1: DATA CHECKS
A2: Every check should show OK. A CHECK means the typed figures in that sheet do not agree with each other.
A4: Sheet | B4: What is checked | C4: Rows not agreeing | D4: Status
A5: NISD RURAL | B5: Pending = sum of pending breakup (per taluk / town) | C5: =SUMPRODUCT(('NISD RURAL'!P5:P200<>0)*ISNUMBER('NISD RURAL'!P5:P200))-IF('NISD RURAL'!P15<>0,1,0) -> 1 | D5: =IF(C5=0,"OK","CHECK") -> CHECK
A6: NISD NATHAM | B6: Pending = sum of pending breakup (per taluk / town) | C6: =SUMPRODUCT(('NISD NATHAM'!Q5:Q200<>0)*ISNUMBER('NISD NATHAM'!Q5:Q200))-IF('NISD NATHAM'!Q15<>0,1,0) -> 0 | D6: =IF(C6=0,"OK","CHECK") -> OK
A7: URBAN NISD | B7: Pending = sum of pending breakup (per taluk / town) | C7: =SUMPRODUCT(('URBAN NISD'!Q5:Q200<>0)*ISNUMBER('URBAN NISD'!Q5:Q200))-IF('URBAN NISD'!Q10<>0,1,0) -> 0 | D7: =IF(C7=0,"OK","CHECK") -> OK
A8: ISD RURAL | B8: Pending = sum of pending breakup (per taluk / town) | C8: =SUMPRODUCT(('ISD RURAL'!Q5:Q200<>0)*ISNUMBER('ISD RURAL'!Q5:Q200))-IF('ISD RURAL'!Q15<>0,1,0) -> 0 | D8: =IF(C8=0,"OK","CHECK") -> OK
A9: ISD NATHAM | B9: Pending = sum of pending breakup (per taluk / town) | C9: =SUMPRODUCT(('ISD NATHAM'!R5:R200<>0)*ISNUMBER('ISD NATHAM'!R5:R200))-IF('ISD NATHAM'!R15<>0,1,0) -> 0 | D9: =IF(C9=0,"OK","CHECK") -> OK
A10: URBAN ISD | B10: Pending = sum of pending breakup (per taluk / town) | C10: =SUMPRODUCT(('URBAN ISD'!Q5:Q200<>0)*ISNUMBER('URBAN ISD'!Q5:Q200))-IF('URBAN ISD'!Q10<>0,1,0) -> 0 | D10: =IF(C10=0,"OK","CHECK") -> OK
A11: RURAL FL | B11: Pending = sum of pending breakup (per taluk / town) | C11: =SUMPRODUCT(('RURAL FL'!S5:S200<>0)*ISNUMBER('RURAL FL'!S5:S200))-IF('RURAL FL'!S15<>0,1,0) -> 0 | D11: =IF(C11=0,"OK","CHECK") -> OK
A12: NATHAM FL | B12: Pending = sum of pending breakup (per taluk / town) | C12: =SUMPRODUCT(('NATHAM FL'!S5:S200<>0)*ISNUMBER('NATHAM FL'!S5:S200))-IF('NATHAM FL'!S15<>0,1,0) -> 0 | D12: =IF(C12=0,"OK","CHECK") -> OK
A13: URBAN FL | B13: Pending = sum of pending breakup (per taluk / town) | C13: =SUMPRODUCT(('URBAN FL'!R5:R200<>0)*ISNUMBER('URBAN FL'!R5:R200))-IF('URBAN FL'!R10<>0,1,0) -> 0 | D13: =IF(C13=0,"OK","CHECK") -> OK
A14: ISD VAO &NATHAM | B14: Surveyor + VAO = district approved and rejected | C14: =SUMPRODUCT(('ISD VAO &NATHAM '!V5:V200<>0)*ISNUMBER('ISD VAO &NATHAM '!V5:V200))-IF('ISD VAO &NATHAM '!V15<>0,1,0) -> 0 | D14: =IF(C14=0,"OK","CHECK") -> OK
A15: Total | C15: =SUM(C5:C14) -> 1 | D15: =IF(C15=0,"ALL OK",C15&" issue(s)") -> 1 issue(s)
A17: How each source total is now calculated (so the old typing mistakes are corrected automatically):
A18: • Total = Opening + Received (Natham sheets: − Transferred). Disposed = Approved + Rejected. Pending = Total − Disposed. % = Approved or Rejected ÷ Disposed.
A19: • In the original file: NISD Urban Chidambaram rejected % was typed 5.00% (correct 13.58%); F-Line Natham Cuddalore rejected % 12.00% (correct 11.43%);
A20: F-Line Urban rejected % values were rounded; Bhuvanagiri Sep average was 106 (correct 107.4). These are now formulas.
A21: • Still to be corrected by you: NISD RURAL Bhuvanagiri pending breakup (below 15 days typed 125, but 136 are pending). It shows as CHECK above.

Sheet Calc
A1: Helper calculations for the Dashboard (do not edit)
A2: Stream | B2: Total | C2: Disposed | D2: Pending | E2: Within limit | F2: Beyond limit | G2: Disposal % | H2: Sort key (worst first) | I2: Pending sort key
A3: NISD Rural | B3: ='NISD RURAL'!E15 -> 6738 | C3: ='NISD RURAL'!J15 -> 5284 | D3: ='NISD RURAL'!K15 -> 1454 | E3: =D3-F3 -> 1444 | F3: ='NISD RURAL'!O15 -> 10 | G3: =IFERROR(C3/B3,0) -> 0.78420896 | H3: =G3+ROW()/1000000 -> 0.78421196 | I3: =D3+ROW()/1000000 -> 1454
A4: NISD Natham | B4: ='NISD NATHAM'!F15 -> 2871 | C4: ='NISD NATHAM'!K15 -> 2123 | D4: ='NISD NATHAM'!L15 -> 748 | E4: =D4-F4 -> 748 | F4: ='NISD NATHAM'!P15 -> 0 | G4: =IFERROR(C4/B4,0) -> 0.7394636 | H4: =G4+ROW()/1000000 -> 0.7394676 | I4: =D4+ROW()/1000000 -> 748
A5: NISD Urban | B5: ='URBAN NISD'!F10 -> 1024 | C5: ='URBAN NISD'!K10 -> 801 | D5: ='URBAN NISD'!L10 -> 223 | E5: =D5-F5 -> 223 | F5: ='URBAN NISD'!P10 -> 0 | G5: =IFERROR(C5/B5,0) -> 0.78222656 | H5: =G5+ROW()/1000000 -> 0.78223156 | I5: =D5+ROW()/1000000 -> 223
A6: ISD Rural | B6: ='ISD RURAL'!F15 -> 7385 | C6: ='ISD RURAL'!K15 -> 3947 | D6: ='ISD RURAL'!L15 -> 3438 | E6: =D6-F6 -> 3401 | F6: ='ISD RURAL'!P15 -> 37 | G6: =IFERROR(C6/B6,0) -> 0.53446175 | H6: =G6+ROW()/1000000 -> 0.53446775 | I6: =D6+ROW()/1000000 -> 3438
A7: ISD Natham | B7: ='ISD NATHAM'!F15 -> 1690 | C7: ='ISD NATHAM'!K15 -> 883 | D7: ='ISD NATHAM'!L15 -> 807 | E7: =D7-F7 -> 807 | F7: ='ISD NATHAM'!Q15 -> 0 | G7: =IFERROR(C7/B7,0) -> 0.52248521 | H7: =G7+ROW()/1000000 -> 0.52249221 | I7: =D7+ROW()/1000000 -> 807.00001
A8: ISD Urban | B8: ='URBAN ISD'!F10 -> 730 | C8: ='URBAN ISD'!K10 -> 350 | D8: ='URBAN ISD'!L10 -> 380 | E8: =D8-F8 -> 380 | F8: ='URBAN ISD'!P10 -> 0 | G8: =IFERROR(C8/B8,0) -> 0.47945205 | H8: =G8+ROW()/1000000 -> 0.47946005 | I8: =D8+ROW()/1000000 -> 380.00001
A9: F-Line Rural | B9: ='RURAL FL'!E15 -> 3205 | C9: ='RURAL FL'!J15 -> 1258 | D9: ='RURAL FL'!K15 -> 1947 | E9: =D9-F9 -> 942 | F9: ='RURAL FL'!R15 -> 1005 | G9: =IFERROR(C9/B9,0) -> 0.3925117 | H9: =G9+ROW()/1000000 -> 0.3925207 | I9: =D9+ROW()/1000000 -> 1947
A10: F-Line Natham | B10: ='NATHAM FL'!E15 -> 1597 | C10: ='NATHAM FL'!J15 -> 596 | D10: ='NATHAM FL'!K15 -> 1001 | E10: =D10-F10 -> 529 | F10: ='NATHAM FL'!R15 -> 472 | G10: =IFERROR(C10/B10,0) -> 0.37319975 | H10: =G10+ROW()/1000000 -> 0.37320975 | I10: =D10+ROW()/1000000 -> 1001
A11: F-Line Urban | B11: ='URBAN FL'!F10 -> 182 | C11: ='URBAN FL'!K10 -> 64 | D11: ='URBAN FL'!L10 -> 118 | E11: =D11-F11 -> 78 | F11: ='URBAN FL'!Q10 -> 40 | G11: =IFERROR(C11/B11,0) -> 0.35164835 | H11: =G11+ROW()/1000000 -> 0.35165935 | I11: =D11+ROW()/1000000 -> 118.00001
A14: Taluk | B14: NISD Rural total | C14: NISD Rural disposed | D14: NISD Natham total | E14: NISD Natham disposed | F14: ISD Rural total | G14: ISD Rural disposed | H14: ISD Natham total | I14: ISD Natham disposed | J14: F-Line Rural total | K14: F-Line Rural disposed | L14: F-Line Natham total | M14: F-Line Natham disposed | N14: All total | O14: All pending | P14: Pending % | Q14: Sort key | R14: NISD Rural % | S14: NISD Natham % | T14: ISD Rural % | U14: ISD Natham % | V14: F-Line Rural % | W14: F-Line Natham %
A15: Bhuvanagiri | B15: =SUMIF('NISD RURAL'!$B:$B,$A15,'NISD RURAL'!$E:$E) -> 532 | C15: =SUMIF('NISD RURAL'!$B:$B,$A15,'NISD RURAL'!$J:$J) -> 396 | D15: =SUMIF('NISD NATHAM'!$B:$B,$A15,'NISD NATHAM'!$F:$F) -> 338 | E15: =SUMIF('NISD NATHAM'!$B:$B,$A15,'NISD NATHAM'!$K:$K) -> 255 | F15: =SUMIF('ISD RURAL'!$C:$C,$A15,'ISD RURAL'!$F:$F) -> 618 | G15: =SUMIF('ISD RURAL'!$C:$C,$A15,'ISD RURAL'!$K:$K) -> 323 | H15: =SUMIF('ISD NATHAM'!$B:$B,$A15,'ISD NATHAM'!$F:$F) -> 222 | I15: =SUMIF('ISD NATHAM'!$B:$B,$A15,'ISD NATHAM'!$K:$K) -> 117 | J15: =SUMIF('RURAL FL'!$B:$B,$A15,'RURAL FL'!$E:$E) -> 259 | K15: =SUMIF('RURAL FL'!$B:$B,$A15,'RURAL FL'!$J:$J) -> 107 | L15: =SUMIF('NATHAM FL'!$B:$B,$A15,'NATHAM FL'!$E:$E) -> 177 | M15: =SUMIF('NATHAM FL'!$B:$B,$A15,'NATHAM FL'!$J:$J) -> 66 | N15: =B15+D15+F15+H15+J15+L15 -> 2146 | O15: =N15-(C15+E15+G15+I15+K15+M15) -> 882 | P15: =IFERROR(O15/N15,0) -> 0.4109972 | Q15: =P15+ROW()/1000000 -> 0.4110122 | R15: =IFERROR(C15/B15,"") -> 0.7443609 | S15: =IFERROR(E15/D15,"") -> 0.75443787 | T15: =IFERROR(G15/F15,"") -> 0.52265372 | U15: =IFERROR(I15/H15,"") -> 0.52702703 | V15: =IFERROR(K15/J15,"") -> 0.41312741 | W15: =IFERROR(M15/L15,"") -> 0.37288136
A16: Chidambaram | B16: =SUMIF('NISD RURAL'!$B:$B,$A16,'NISD RURAL'!$E:$E) -> 655 | C16: =SUMIF('NISD RURAL'!$B:$B,$A16,'NISD RURAL'!$J:$J) -> 503 | D16: =SUMIF('NISD NATHAM'!$B:$B,$A16,'NISD NATHAM'!$F:$F) -> 317 | E16: =SUMIF('NISD NATHAM'!$B:$B,$A16,'NISD NATHAM'!$K:$K) -> 232 | F16: =SUMIF('ISD RURAL'!$C:$C,$A16,'ISD RURAL'!$F:$F) -> 848 | G16: =SUMIF('ISD RURAL'!$C:$C,$A16,'ISD RURAL'!$K:$K) -> 470 | H16: =SUMIF('ISD NATHAM'!$B:$B,$A16,'ISD NATHAM'!$F:$F) -> 171 | I16: =SUMIF('ISD NATHAM'!$B:$B,$A16,'ISD NATHAM'!$K:$K) -> 79 | J16: =SUMIF('RURAL FL'!$B:$B,$A16,'RURAL FL'!$E:$E) -> 250 | K16: =SUMIF('RURAL FL'!$B:$B,$A16,'RURAL FL'!$J:$J) -> 108 | L16: =SUMIF('NATHAM FL'!$B:$B,$A16,'NATHAM FL'!$E:$E) -> 140 | M16: =SUMIF('NATHAM FL'!$B:$B,$A16,'NATHAM FL'!$J:$J) -> 52 | N16: =B16+D16+F16+H16+J16+L16 -> 2381 | O16: =N16-(C16+E16+G16+I16+K16+M16) -> 937 | P16: =IFERROR(O16/N16,0) -> 0.39353213 | Q16: =P16+ROW()/1000000 -> 0.39354813 | R16: =IFERROR(C16/B16,"") -> 0.76793893 | S16: =IFERROR(E16/D16,"") -> 0.7318612 | T16: =IFERROR(G16/F16,"") -> 0.55424528 | U16: =IFERROR(I16/H16,"") -> 0.4619883 | V16: =IFERROR(K16/J16,"") -> 0.432 | W16: =IFERROR(M16/L16,"") -> 0.37142857
A17: Cuddalore | B17: =SUMIF('NISD RURAL'!$B:$B,$A17,'NISD RURAL'!$E:$E) -> 665 | C17: =SUMIF('NISD RURAL'!$B:$B,$A17,'NISD RURAL'!$J:$J) -> 499 | D17: =SUMIF('NISD NATHAM'!$B:$B,$A17,'NISD NATHAM'!$F:$F) -> 239 | E17: =SUMIF('NISD NATHAM'!$B:$B,$A17,'NISD NATHAM'!$K:$K) -> 174 | F17: =SUMIF('ISD RURAL'!$C:$C,$A17,'ISD RURAL'!$F:$F) -> 969 | G17: =SUMIF('ISD RURAL'!$C:$C,$A17,'ISD RURAL'!$K:$K) -> 608 | H17: =SUMIF('ISD NATHAM'!$B:$B,$A17,'ISD NATHAM'!$F:$F) -> 167 | I17: =SUMIF('ISD NATHAM'!$B:$B,$A17,'ISD NATHAM'!$K:$K) -> 87 | J17: =SUMIF('RURAL FL'!$B:$B,$A17,'RURAL FL'!$E:$E) -> 292 | K17: =SUMIF('RURAL FL'!$B:$B,$A17,'RURAL FL'!$J:$J) -> 100 | L17: =SUMIF('NATHAM FL'!$B:$B,$A17,'NATHAM FL'!$E:$E) -> 166 | M17: =SUMIF('NATHAM FL'!$B:$B,$A17,'NATHAM FL'!$J:$J) -> 70 | N17: =B17+D17+F17+H17+J17+L17 -> 2498 | O17: =N17-(C17+E17+G17+I17+K17+M17) -> 960 | P17: =IFERROR(O17/N17,0) -> 0.38430745 | Q17: =P17+ROW()/1000000 -> 0.38432445 | R17: =IFERROR(C17/B17,"") -> 0.75037594 | S17: =IFERROR(E17/D17,"") -> 0.72803347 | T17: =IFERROR(G17/F17,"") -> 0.62745098 | U17: =IFERROR(I17/H17,"") -> 0.52095808 | V17: =IFERROR(K17/J17,"") -> 0.34246575 | W17: =IFERROR(M17/L17,"") -> 0.42168675
A18: Kattumannarkoil | B18: =SUMIF('NISD RURAL'!$B:$B,$A18,'NISD RURAL'!$E:$E) -> 588 | C18: =SUMIF('NISD RURAL'!$B:$B,$A18,'NISD RURAL'!$J:$J) -> 459 | D18: =SUMIF('NISD NATHAM'!$B:$B,$A18,'NISD NATHAM'!$F:$F) -> 232 | E18: =SUMIF('NISD NATHAM'!$B:$B,$A18,'NISD NATHAM'!$K:$K) -> 166 | F18: =SUMIF('ISD RURAL'!$C:$C,$A18,'ISD RURAL'!$F:$F) -> 688 | G18: =SUMIF('ISD RURAL'!$C:$C,$A18,'ISD RURAL'!$K:$K) -> 346 | H18: =SUMIF('ISD NATHAM'!$B:$B,$A18,'ISD NATHAM'!$F:$F) -> 150 | I18: =SUMIF('ISD NATHAM'!$B:$B,$A18,'ISD NATHAM'!$K:$K) -> 66 | J18: =SUMIF('RURAL FL'!$B:$B,$A18,'RURAL FL'!$E:$E) -> 217 | K18: =SUMIF('RURAL FL'!$B:$B,$A18,'RURAL FL'!$J:$J) -> 78 | L18: =SUMIF('NATHAM FL'!$B:$B,$A18,'NATHAM FL'!$E:$E) -> 126 | M18: =SUMIF('NATHAM FL'!$B:$B,$A18,'NATHAM FL'!$J:$J) -> 46 | N18: =B18+D18+F18+H18+J18+L18 -> 2001 | O18: =N18-(C18+E18+G18+I18+K18+M18) -> 840 | P18: =IFERROR(O18/N18,0) -> 0.4197901 | Q18: =P18+ROW()/1000000 -> 0.4198081 | R18: =IFERROR(C18/B18,"") -> 0.78061224 | S18: =IFERROR(E18/D18,"") -> 0.71551724 | T18: =IFERROR(G18/F18,"") -> 0.50290698 | U18: =IFERROR(I18/H18,"") -> 0.44 | V18: =IFERROR(K18/J18,"") -> 0.359447 | W18: =IFERROR(M18/L18,"") -> 0.36507937
A19: Kurinjipadi | B19: =SUMIF('NISD RURAL'!$B:$B,$A19,'NISD RURAL'!$E:$E) -> 687 | C19: =SUMIF('NISD RURAL'!$B:$B,$A19,'NISD RURAL'!$J:$J) -> 506 | D19: =SUMIF('NISD NATHAM'!$B:$B,$A19,'NISD NATHAM'!$F:$F) -> 241 | E19: =SUMIF('NISD NATHAM'!$B:$B,$A19,'NISD NATHAM'!$K:$K) -> 191 | F19: =SUMIF('ISD RURAL'!$C:$C,$A19,'ISD RURAL'!$F:$F) -> 912 | G19: =SUMIF('ISD RURAL'!$C:$C,$A19,'ISD RURAL'!$K:$K) -> 501 | H19: =SUMIF('ISD NATHAM'!$B:$B,$A19,'ISD NATHAM'!$F:$F) -> 175 | I19: =SUMIF('ISD NATHAM'!$B:$B,$A19,'ISD NATHAM'!$K:$K) -> 113 | J19: =SUMIF('RURAL FL'!$B:$B,$A19,'RURAL FL'!$E:$E) -> 353 | K19: =SUMIF('RURAL FL'!$B:$B,$A19,'RURAL FL'!$J:$J) -> 133 | L19: =SUMIF('NATHAM FL'!$B:$B,$A19,'NATHAM FL'!$E:$E) -> 154 | M19: =SUMIF('NATHAM FL'!$B:$B,$A19,'NATHAM FL'!$J:$J) -> 56 | N19: =B19+D19+F19+H19+J19+L19 -> 2522 | O19: =N19-(C19+E19+G19+I19+K19+M19) -> 1022 | P19: =IFERROR(O19/N19,0) -> 0.40523394 | Q19: =P19+ROW()/1000000 -> 0.40525294 | R19: =IFERROR(C19/B19,"") -> 0.73653566 | S19: =IFERROR(E19/D19,"") -> 0.79253112 | T19: =IFERROR(G19/F19,"") -> 0.54934211 | U19: =IFERROR(I19/H19,"") -> 0.64571429 | V19: =IFERROR(K19/J19,"") -> 0.37677054 | W19: =IFERROR(M19/L19,"") -> 0.36363636
A20: Panruti | B20: =SUMIF('NISD RURAL'!$B:$B,$A20,'NISD RURAL'!$E:$E) -> 976 | C20: =SUMIF('NISD RURAL'!$B:$B,$A20,'NISD RURAL'!$J:$J) -> 719 | D20: =SUMIF('NISD NATHAM'!$B:$B,$A20,'NISD NATHAM'!$F:$F) -> 389 | E20: =SUMIF('NISD NATHAM'!$B:$B,$A20,'NISD NATHAM'!$K:$K) -> 292 | F20: =SUMIF('ISD RURAL'!$C:$C,$A20,'ISD RURAL'!$F:$F) -> 1030 | G20: =SUMIF('ISD RURAL'!$C:$C,$A20,'ISD RURAL'!$K:$K) -> 528 | H20: =SUMIF('ISD NATHAM'!$B:$B,$A20,'ISD NATHAM'!$F:$F) -> 237 | I20: =SUMIF('ISD NATHAM'!$B:$B,$A20,'ISD NATHAM'!$K:$K) -> 127 | J20: =SUMIF('RURAL FL'!$B:$B,$A20,'RURAL FL'!$E:$E) -> 373 | K20: =SUMIF('RURAL FL'!$B:$B,$A20,'RURAL FL'!$J:$J) -> 128 | L20: =SUMIF('NATHAM FL'!$B:$B,$A20,'NATHAM FL'!$E:$E) -> 204 | M20: =SUMIF('NATHAM FL'!$B:$B,$A20,'NATHAM FL'!$J:$J) -> 78 | N20: =B20+D20+F20+H20+J20+L20 -> 3209 | O20: =N20-(C20+E20+G20+I20+K20+M20) -> 1337 | P20: =IFERROR(O20/N20,0) -> 0.4166407 | Q20: =P20+ROW()/1000000 -> 0.4166607 | R20: =IFERROR(C20/B20,"") -> 0.73668033 | S20: =IFERROR(E20/D20,"") -> 0.75064267 | T20: =IFERROR(G20/F20,"") -> 0.51262136 | U20: =IFERROR(I20/H20,"") -> 0.53586498 | V20: =IFERROR(K20/J20,"") -> 0.34316354 | W20: =IFERROR(M20/L20,"") -> 0.38235294
A21: Srimushnam | B21: =SUMIF('NISD RURAL'!$B:$B,$A21,'NISD RURAL'!$E:$E) -> 335 | C21: =SUMIF('NISD RURAL'!$B:$B,$A21,'NISD RURAL'!$J:$J) -> 258 | D21: =SUMIF('NISD NATHAM'!$B:$B,$A21,'NISD NATHAM'!$F:$F) -> 125 | E21: =SUMIF('NISD NATHAM'!$B:$B,$A21,'NISD NATHAM'!$K:$K) -> 91 | F21: =SUMIF('ISD RURAL'!$C:$C,$A21,'ISD RURAL'!$F:$F) -> 255 | G21: =SUMIF('ISD RURAL'!$C:$C,$A21,'ISD RURAL'!$K:$K) -> 137 | H21: =SUMIF('ISD NATHAM'!$B:$B,$A21,'ISD NATHAM'!$F:$F) -> 74 | I21: =SUMIF('ISD NATHAM'!$B:$B,$A21,'ISD NATHAM'!$K:$K) -> 36 | J21: =SUMIF('RURAL FL'!$B:$B,$A21,'RURAL FL'!$E:$E) -> 189 | K21: =SUMIF('RURAL FL'!$B:$B,$A21,'RURAL FL'!$J:$J) -> 70 | L21: =SUMIF('NATHAM FL'!$B:$B,$A21,'NATHAM FL'!$E:$E) -> 98 | M21: =SUMIF('NATHAM FL'!$B:$B,$A21,'NATHAM FL'!$J:$J) -> 34 | N21: =B21+D21+F21+H21+J21+L21 -> 1076 | O21: =N21-(C21+E21+G21+I21+K21+M21) -> 450 | P21: =IFERROR(O21/N21,0) -> 0.41821561 | Q21: =P21+ROW()/1000000 -> 0.41823661 | R21: =IFERROR(C21/B21,"") -> 0.77014925 | S21: =IFERROR(E21/D21,"") -> 0.728 | T21: =IFERROR(G21/F21,"") -> 0.5372549 | U21: =IFERROR(I21/H21,"") -> 0.48648649 | V21: =IFERROR(K21/J21,"") -> 0.37037037 | W21: =IFERROR(M21/L21,"") -> 0.34693878
A22: Titagudi | B22: =SUMIF('NISD RURAL'!$B:$B,$A22,'NISD RURAL'!$E:$E) -> 824 | C22: =SUMIF('NISD RURAL'!$B:$B,$A22,'NISD RURAL'!$J:$J) -> 672 | D22: =SUMIF('NISD NATHAM'!$B:$B,$A22,'NISD NATHAM'!$F:$F) -> 353 | E22: =SUMIF('NISD NATHAM'!$B:$B,$A22,'NISD NATHAM'!$K:$K) -> 282 | F22: =SUMIF('ISD RURAL'!$C:$C,$A22,'ISD RURAL'!$F:$F) -> 527 | G22: =SUMIF('ISD RURAL'!$C:$C,$A22,'ISD RURAL'!$K:$K) -> 247 | H22: =SUMIF('ISD NATHAM'!$B:$B,$A22,'ISD NATHAM'!$F:$F) -> 154 | I22: =SUMIF('ISD NATHAM'!$B:$B,$A22,'ISD NATHAM'!$K:$K) -> 69 | J22: =SUMIF('RURAL FL'!$B:$B,$A22,'RURAL FL'!$E:$E) -> 484 | K22: =SUMIF('RURAL FL'!$B:$B,$A22,'RURAL FL'!$J:$J) -> 219 | L22: =SUMIF('NATHAM FL'!$B:$B,$A22,'NATHAM FL'!$E:$E) -> 205 | M22: =SUMIF('NATHAM FL'!$B:$B,$A22,'NATHAM FL'!$J:$J) -> 76 | N22: =B22+D22+F22+H22+J22+L22 -> 2547 | O22: =N22-(C22+E22+G22+I22+K22+M22) -> 982 | P22: =IFERROR(O22/N22,0) -> 0.38555163 | Q22: =P22+ROW()/1000000 -> 0.38557363 | R22: =IFERROR(C22/B22,"") -> 0.81553398 | S22: =IFERROR(E22/D22,"") -> 0.79886686 | T22: =IFERROR(G22/F22,"") -> 0.4686907 | U22: =IFERROR(I22/H22,"") -> 0.44805195 | V22: =IFERROR(K22/J22,"") -> 0.45247934 | W22: =IFERROR(M22/L22,"") -> 0.37073171
A23: Veppur | B23: =SUMIF('NISD RURAL'!$B:$B,$A23,'NISD RURAL'!$E:$E) -> 723 | C23: =SUMIF('NISD RURAL'!$B:$B,$A23,'NISD RURAL'!$J:$J) -> 542 | D23: =SUMIF('NISD NATHAM'!$B:$B,$A23,'NISD NATHAM'!$F:$F) -> 227 | E23: =SUMIF('NISD NATHAM'!$B:$B,$A23,'NISD NATHAM'!$K:$K) -> 174 | F23: =SUMIF('ISD RURAL'!$C:$C,$A23,'ISD RURAL'!$F:$F) -> 669 | G23: =SUMIF('ISD RURAL'!$C:$C,$A23,'ISD RURAL'!$K:$K) -> 341 | H23: =SUMIF('ISD NATHAM'!$B:$B,$A23,'ISD NATHAM'!$F:$F) -> 114 | I23: =SUMIF('ISD NATHAM'!$B:$B,$A23,'ISD NATHAM'!$K:$K) -> 76 | J23: =SUMIF('RURAL FL'!$B:$B,$A23,'RURAL FL'!$E:$E) -> 250 | K23: =SUMIF('RURAL FL'!$B:$B,$A23,'RURAL FL'!$J:$J) -> 116 | L23: =SUMIF('NATHAM FL'!$B:$B,$A23,'NATHAM FL'!$E:$E) -> 92 | M23: =SUMIF('NATHAM FL'!$B:$B,$A23,'NATHAM FL'!$J:$J) -> 39 | N23: =B23+D23+F23+H23+J23+L23 -> 2075 | O23: =N23-(C23+E23+G23+I23+K23+M23) -> 787 | P23: =IFERROR(O23/N23,0) -> 0.37927711 | Q23: =P23+ROW()/1000000 -> 0.37930011 | R23: =IFERROR(C23/B23,"") -> 0.74965422 | S23: =IFERROR(E23/D23,"") -> 0.76651982 | T23: =IFERROR(G23/F23,"") -> 0.50971599 | U23: =IFERROR(I23/H23,"") -> 0.66666667 | V23: =IFERROR(K23/J23,"") -> 0.464 | W23: =IFERROR(M23/L23,"") -> 0.42391304
A24: Vridhachalam | B24: =SUMIF('NISD RURAL'!$B:$B,$A24,'NISD RURAL'!$E:$E) -> 753 | C24: =SUMIF('NISD RURAL'!$B:$B,$A24,'NISD RURAL'!$J:$J) -> 730 | D24: =SUMIF('NISD NATHAM'!$B:$B,$A24,'NISD NATHAM'!$F:$F) -> 410 | E24: =SUMIF('NISD NATHAM'!$B:$B,$A24,'NISD NATHAM'!$K:$K) -> 266 | F24: =SUMIF('ISD RURAL'!$C:$C,$A24,'ISD RURAL'!$F:$F) -> 869 | G24: =SUMIF('ISD RURAL'!$C:$C,$A24,'ISD RURAL'!$K:$K) -> 446 | H24: =SUMIF('ISD NATHAM'!$B:$B,$A24,'ISD NATHAM'!$F:$F) -> 226 | I24: =SUMIF('ISD NATHAM'!$B:$B,$A24,'ISD NATHAM'!$K:$K) -> 113 | J24: =SUMIF('RURAL FL'!$B:$B,$A24,'RURAL FL'!$E:$E) -> 538 | K24: =SUMIF('RURAL FL'!$B:$B,$A24,'RURAL FL'!$J:$J) -> 199 | L24: =SUMIF('NATHAM FL'!$B:$B,$A24,'NATHAM FL'!$E:$E) -> 235 | M24: =SUMIF('NATHAM FL'!$B:$B,$A24,'NATHAM FL'!$J:$J) -> 79 | N24: =B24+D24+F24+H24+J24+L24 -> 3031 | O24: =N24-(C24+E24+G24+I24+K24+M24) -> 1198 | P24: =IFERROR(O24/N24,0) -> 0.39524909 | Q24: =P24+ROW()/1000000 -> 0.39527309 | R24: =IFERROR(C24/B24,"") -> 0.96945551 | S24: =IFERROR(E24/D24,"") -> 0.64878049 | T24: =IFERROR(G24/F24,"") -> 0.5132336 | U24: =IFERROR(I24/H24,"") -> 0.5 | V24: =IFERROR(K24/J24,"") -> 0.36988848 | W24: =IFERROR(M24/L24,"") -> 0.33617021
A25: District | B25: =B3 -> 6738 | C25: =C3 -> 5284 | D25: =B4 -> 2871 | E25: =C4 -> 2123 | F25: =B6 -> 7385 | G25: =C6 -> 3947 | H25: =B7 -> 1690 | I25: =C7 -> 883 | J25: =B9 -> 3205 | K25: =C9 -> 1258 | L25: =B10 -> 1597 | M25: =C10 -> 596 | N25: =B25+D25+F25+H25+J25+L25 -> 23486 | O25: =N25-(C25+E25+G25+I25+K25+M25) -> 9395 | P25: =IFERROR(O25/N25,0) -> 0.40002555 | R25: =IFERROR(C3/B3,"") -> 0.78420896 | S25: =IFERROR(C4/B4,"") -> 0.7394636 | T25: =IFERROR(C6/B6,"") -> 0.53446175 | U25: =IFERROR(C7/B7,"") -> 0.52248521 | V25: =IFERROR(C9/B9,"") -> 0.3925117 | W25: =IFERROR(C10/B10,"") -> 0.37319975
A26: Taluk names must match the Taluk column of the six Rural/Natham sheets. Add a new taluk here (blue) if one is added there.
A29: Taluk | B29: Sep | C29: Aug | D29: Sort key
A30: =abstract!B5 -> Cuddalore | B30: =abstract!C5 -> 1149 | C30: =abstract!E5 -> 1165 | D30: =B30+ROW()/1000000 -> 1149
A31: =abstract!B6 -> Panruti | B31: =abstract!C6 -> 1254 | C31: =abstract!E6 -> 1300 | D31: =B31+ROW()/1000000 -> 1254
A32: =abstract!B7 -> Kurinjipadi | B32: =abstract!C7 -> 755 | C32: =abstract!E7 -> 921 | D32: =B32+ROW()/1000000 -> 755.00003
A33: =abstract!B8 -> Chidambaram | B33: =abstract!C8 -> 678 | C33: =abstract!E8 -> 823 | D33: =B33+ROW()/1000000 -> 678.00003
A34: =abstract!B9 -> Bhuvanagiri | B34: =abstract!C9 -> 537 | C34: =abstract!E9 -> 686 | D34: =B34+ROW()/1000000 -> 537.00003
A35: =abstract!B10 -> Kattumannarkoil | B35: =abstract!C10 -> 434 | C35: =abstract!E10 -> 612 | D35: =B35+ROW()/1000000 -> 434.00004
A36: =abstract!B11 -> Srimushnam | B36: =abstract!C11 -> 243 | C36: =abstract!E11 -> 327 | D36: =B36+ROW()/1000000 -> 243.00004
A37: =abstract!B12 -> Virudhachalam | B37: =abstract!C12 -> 1108 | C37: =abstract!E12 -> 1188 | D37: =B37+ROW()/1000000 -> 1108
A38: =abstract!B13 -> Titakudi | B38: =abstract!C13 -> 485 | C38: =abstract!E13 -> 576 | D38: =B38+ROW()/1000000 -> 485.00004
A39: =abstract!B14 -> Veppur | B39: =abstract!C14 -> 509 | C39: =abstract!E14 -> 621 | D39: =B39+ROW()/1000000 -> 509.00004
A42: Top-village helper (50 villages per category; selected category comes from Dashboard)
A43: Taluk (NISD Rural) | B43: Village | C43: Count | D43: Key | F43: Taluk (NISD Natham) | G43: Village | H43: Count | I43: Key | K43: Taluk (ISD Rural) | L43: Village | M43: Count | N43: Key | P43: Taluk (ISD Natham) | Q43: Village | R43: Count | S43: Key | U43: Sel taluk | V43: Sel village | W43: Sel count | X43: Sel key
A44: =IF('NISD RURAL TOP 5 REJECTION VILL'!B3<>"",'NISD RURAL TOP 5 REJECTION VILL'!B3,"") -> BHUVANAGIRI | B44: =IF('NISD RURAL TOP 5 REJECTION VILL'!C3="","",'NISD RURAL TOP 5 REJECTION VILL'!C3) -> PINNALUR | C44: =IF(ISNUMBER('NISD RURAL TOP 5 REJECTION VILL'!D3),'NISD RURAL TOP 5 REJECTION VILL'!D3,"") -> 7 | D44: =IF(ISNUMBER(C44),C44+(1000-0)/100000,-1) -> 7.01 | F44: =IF('NISD NATHAM TOP 5 REJECTION VIL'!B3<>"",'NISD NATHAM TOP 5 REJECTION VIL'!B3,"") -> BHUVANAGIRI | G44: =IF('NISD NATHAM TOP 5 REJECTION VIL'!C3="","",'NISD NATHAM TOP 5 REJECTION VIL'!C3) -> Parangipettai | H44: =IF(ISNUMBER('NISD NATHAM TOP 5 REJECTION VIL'!D3),'NISD NATHAM TOP 5 REJECTION VIL'!D3,"") -> 12 | I44: =IF(ISNUMBER(H44),H44+(1000-0)/100000,-1) -> 12.01 | K44: =IF('ISD RURAL TOP 5VILLAGES'!B3<>"",'ISD RURAL TOP 5VILLAGES'!B3,"") -> BHUVANAGIRI | L44: =IF('ISD RURAL TOP 5VILLAGES'!C3="","",'ISD RURAL TOP 5VILLAGES'!C3) -> ARIYAKOSHTI | M44: =IF(ISNUMBER('ISD RURAL TOP 5VILLAGES'!D3),'ISD RURAL TOP 5VILLAGES'!D3,"") -> 9 | N44: =IF(ISNUMBER(M44),M44+(1000-0)/100000,-1) -> 9.01 | P44: =IF('ISD NATHAM TOP 5 VILLAGES'!B3<>"",'ISD NATHAM TOP 5 VILLAGES'!B3,"") -> BHUVANAGIRI | Q44: =IF('ISD NATHAM TOP 5 VILLAGES'!C3="","",'ISD NATHAM TOP 5 VILLAGES'!C3) -> PARANGIPETTAI | R44: =IF(ISNUMBER('ISD NATHAM TOP 5 VILLAGES'!D3),'ISD NATHAM TOP 5 VILLAGES'!D3,"") -> 6 | S44: =IF(ISNUMBER(R44),R44+(1000-0)/100000,-1) -> 6.01 | U44: =CHOOSE(Dashboard!$T$24,A44,F44,K44,P44) -> BHUVANAGIRI | V44: =CHOOSE(Dashboard!$T$24,B44,G44,L44,Q44) -> PINNALUR | W44: =CHOOSE(Dashboard!$T$24,C44,H44,M44,R44) -> 7 | X44: =CHOOSE(Dashboard!$T$24,D44,I44,N44,S44) -> 7.01
A45: =IF('NISD RURAL TOP 5 REJECTION VILL'!B4<>"",'NISD RURAL TOP 5 REJECTION VILL'!B4,A44) -> BHUVANAGIRI | B45: =IF('NISD RURAL TOP 5 REJECTION VILL'!C4="","",'NISD RURAL TOP 5 REJECTION VILL'!C4) -> ARIYAKOSTI | C45: =IF(ISNUMBER('NISD RURAL TOP 5 REJECTION VILL'!D4),'NISD RURAL TOP 5 REJECTION VILL'!D4,"") -> 6 | D45: =IF(ISNUMBER(C45),C45+(1000-1)/100000,-1) -> 6.00999 | F45: =IF('NISD NATHAM TOP 5 REJECTION VIL'!B4<>"",'NISD NATHAM TOP 5 REJECTION VIL'!B4,F44) -> BHUVANAGIRI | G45: =IF('NISD NATHAM TOP 5 REJECTION VIL'!C4="","",'NISD NATHAM TOP 5 REJECTION VIL'!C4) -> Periyapattu | H45: =IF(ISNUMBER('NISD NATHAM TOP 5 REJECTION VIL'!D4),'NISD NATHAM TOP 5 REJECTION VIL'!D4,"") -> 9 | I45: =IF(ISNUMBER(H45),H45+(1000-1)/100000,-1) -> 9.00999 | K45: =IF('ISD RURAL TOP 5VILLAGES'!B4<>"",'ISD RURAL TOP 5VILLAGES'!B4,K44) -> BHUVANAGIRI | L45: =IF('ISD RURAL TOP 5VILLAGES'!C4="","",'ISD RURAL TOP 5VILLAGES'!C4) -> PINNALUR | M45: =IF(ISNUMBER('ISD RURAL TOP 5VILLAGES'!D4),'ISD RURAL TOP 5VILLAGES'!D4,"") -> 4 | N45: =IF(ISNUMBER(M45),M45+(1000-1)/100000,-1) -> 4.00999 | P45: =IF('ISD NATHAM TOP 5 VILLAGES'!B4<>"",'ISD NATHAM TOP 5 VILLAGES'!B4,P44) -> BHUVANAGIRI | Q45: =IF('ISD NATHAM TOP 5 VILLAGES'!C4="","",'ISD NATHAM TOP 5 VILLAGES'!C4) -> MANJAKOLLAI | R45: =IF(ISNUMBER('ISD NATHAM TOP 5 VILLAGES'!D4),'ISD NATHAM TOP 5 VILLAGES'!D4,"") -> 4 | S45: =IF(ISNUMBER(R45),R45+(1000-1)/100000,-1) -> 4.00999 | U45: =CHOOSE(Dashboard!$T$24,A45,F45,K45,P45) -> BHUVANAGIRI | V45: =CHOOSE(Dashboard!$T$24,B45,G45,L45,Q45) -> ARIYAKOSTI | W45: =CHOOSE(Dashboard!$T$24,C45,H45,M45,R45) -> 6 | X45: =CHOOSE(Dashboard!$T$24,D45,I45,N45,S45) -> 6.00999
A46: =IF('NISD RURAL TOP 5 REJECTION VILL'!B5<>"",'NISD RURAL TOP 5 REJECTION VILL'!B5,A45) -> BHUVANAGIRI | B46: =IF('NISD RURAL TOP 5 REJECTION VILL'!C5="","",'NISD RURAL TOP 5 REJECTION VILL'!C5) -> MANJAKUZHI | C46: =IF(ISNUMBER('NISD RURAL TOP 5 REJECTION VILL'!D5),'NISD RURAL TOP 5 REJECTION VILL'!D5,"") -> 6 | D46: =IF(ISNUMBER(C46),C46+(1000-2)/100000,-1) -> 6.00998 | F46: =IF('NISD NATHAM TOP 5 REJECTION VIL'!B5<>"",'NISD NATHAM TOP 5 REJECTION VIL'!B5,F45) -> BHUVANAGIRI | G46: =IF('NISD NATHAM TOP 5 REJECTION VIL'!C5="","",'NISD NATHAM TOP 5 REJECTION VIL'!C5) -> Manjakuzhi | H46: =IF(ISNUMBER('NISD NATHAM TOP 5 REJECTION VIL'!D5),'NISD NATHAM TOP 5 REJECTION VIL'!D5,"") -> 9 | I46: =IF(ISNUMBER(H46),H46+(1000-2)/100000,-1) -> 9.00998 | K46: =IF('ISD RURAL TOP 5VILLAGES'!B5<>"",'ISD RURAL TOP 5VILLAGES'!B5,K45) -> BHUVANAGIRI | L46: =IF('ISD RURAL TOP 5VILLAGES'!C5="","",'ISD RURAL TOP 5VILLAGES'!C5) -> SATHAPPADI | M46: =IF(ISNUMBER('ISD RURAL TOP 5VILLAGES'!D5),'ISD RURAL TOP 5VILLAGES'!D5,"") -> 3 | N46: =IF(ISNUMBER(M46),M46+(1000-2)/100000,-1) -> 3.00998 | P46: =IF('ISD NATHAM TOP 5 VILLAGES'!B5<>"",'ISD NATHAM TOP 5 VILLAGES'!B5,P45) -> BHUVANAGIRI | Q46: =IF('ISD NATHAM TOP 5 VILLAGES'!C5="","",'ISD NATHAM TOP 5 VILLAGES'!C5) -> SILAMBIMANGALM | R46: =IF(ISNUMBER('ISD NATHAM TOP 5 VILLAGES'!D5),'ISD NATHAM TOP 5 VILLAGES'!D5,"") -> 3 | S46: =IF(ISNUMBER(R46),R46+(1000-2)/100000,-1) -> 3.00998 | U46: =CHOOSE(Dashboard!$T$24,A46,F46,K46,P46) -> BHUVANAGIRI | V46: =CHOOSE(Dashboard!$T$24,B46,G46,L46,Q46) -> MANJAKUZHI | W46: =CHOOSE(Dashboard!$T$24,C46,H46,M46,R46) -> 6 | X46: =CHOOSE(Dashboard!$T$24,D46,I46,N46,S46) -> 6.00998
A47: =IF('NISD RURAL TOP 5 REJECTION VILL'!B6<>"",'NISD RURAL TOP 5 REJECTION VILL'!B6,A46) -> BHUVANAGIRI | B47: =IF('NISD RURAL TOP 5 REJECTION VILL'!C6="","",'NISD RURAL TOP 5 REJECTION VILL'!C6) -> AGARAM | C47: =IF(ISNUMBER('NISD RURAL TOP 5 REJECTION VILL'!D6),'NISD RURAL TOP 5 REJECTION VILL'!D6,"") -> 4 | D47: =IF(ISNUMBER(C47),C47+(1000-3)/100000,-1) -> 4.00997 | F47: =IF('NISD NATHAM TOP 5 REJECTION VIL'!B6<>"",'NISD NATHAM TOP 5 REJECTION VIL'!B6,F46) -> BHUVANAGIRI | G47: =IF('NISD NATHAM TOP 5 REJECTION VIL'!C6="","",'NISD NATHAM TOP 5 REJECTION VIL'!C6) -> Poovalai West | H47: =IF(ISNUMBER('NISD NATHAM TOP 5 REJECTION VIL'!D6),'NISD NATHAM TOP 5 REJECTION VIL'!D6,"") -> 4 | I47: =IF(ISNUMBER(H47),H47+(1000-3)/100000,-1) -> 4.00997 | K47: =IF('ISD RURAL TOP 5VILLAGES'!B6<>"",'ISD RURAL TOP 5VILLAGES'!B6,K46) -> BHUVANAGIRI | L47: =IF('ISD RURAL TOP 5VILLAGES'!C6="","",'ISD RURAL TOP 5VILLAGES'!C6) -> SETHIYATHOPE | M47: =IF(ISNUMBER('ISD RURAL TOP 5VILLAGES'!D6),'ISD RURAL TOP 5VILLAGES'!D6,"") -> 3 | N47: =IF(ISNUMBER(M47),M47+(1000-3)/100000,-1) -> 3.00997 | P47: =IF('ISD NATHAM TOP 5 VILLAGES'!B6<>"",'ISD NATHAM TOP 5 VILLAGES'!B6,P46) -> BHUVANAGIRI | Q47: =IF('ISD NATHAM TOP 5 VILLAGES'!C6="","",'ISD NATHAM TOP 5 VILLAGES'!C6) -> MELBHUVANAGIRI | R47: =IF(ISNUMBER('ISD NATHAM TOP 5 VILLAGES'!D6),'ISD NATHAM TOP 5 VILLAGES'!D6,"") -> 3 | S47: =IF(ISNUMBER(R47),R47+(1000-3)/100000,-1) -> 3.00997 | U47: =CHOOSE(Dashboard!$T$24,A47,F47,K47,P47) -> BHUVANAGIRI | V47: =CHOOSE(Dashboard!$T$24,B47,G47,L47,Q47) -> AGARAM | W47: =CHOOSE(Dashboard!$T$24,C47,H47,M47,R47) -> 4 | X47: =CHOOSE(Dashboard!$T$24,D47,I47,N47,S47) -> 4.00997
A48: =IF('NISD RURAL TOP 5 REJECTION VILL'!B7<>"",'NISD RURAL TOP 5 REJECTION VILL'!B7,A47) -> BHUVANAGIRI | B48: =IF('NISD RURAL TOP 5 REJECTION VILL'!C7="","",'NISD RURAL TOP 5 REJECTION VILL'!C7) -> MIRALUR | C48: =IF(ISNUMBER('NISD RURAL TOP 5 REJECTION VILL'!D7),'NISD RURAL TOP 5 REJECTION VILL'!D7,"") -> 4 | D48: =IF(ISNUMBER(C48),C48+(1000-4)/100000,-1) -> 4.00996 | F48: =IF('NISD NATHAM TOP 5 REJECTION VIL'!B7<>"",'NISD NATHAM TOP 5 REJECTION VIL'!B7,F47) -> BHUVANAGIRI | G48: =IF('NISD NATHAM TOP 5 REJECTION VIL'!C7="","",'NISD NATHAM TOP 5 REJECTION VIL'!C7) -> Ariyakoshti | H48: =IF(ISNUMBER('NISD NATHAM TOP 5 REJECTION VIL'!D7),'NISD NATHAM TOP 5 REJECTION VIL'!D7,"") -> 3 | I48: =IF(ISNUMBER(H48),H48+(1000-4)/100000,-1) -> 3.00996 | K48: =IF('ISD RURAL TOP 5VILLAGES'!B7<>"",'ISD RURAL TOP 5VILLAGES'!B7,K47) -> BHUVANAGIRI | L48: =IF('ISD RURAL TOP 5VILLAGES'!C7="","",'ISD RURAL TOP 5VILLAGES'!C7) -> VADAKRISHNAPURAM | M48: =IF(ISNUMBER('ISD RURAL TOP 5VILLAGES'!D7),'ISD RURAL TOP 5VILLAGES'!D7,"") -> 3 | N48: =IF(ISNUMBER(M48),M48+(1000-4)/100000,-1) -> 3.00996 | P48: =IF('ISD NATHAM TOP 5 VILLAGES'!B7<>"",'ISD NATHAM TOP 5 VILLAGES'!B7,P47) -> BHUVANAGIRI | Q48: =IF('ISD NATHAM TOP 5 VILLAGES'!C7="","",'ISD NATHAM TOP 5 VILLAGES'!C7) -> C.MUTLUR | R48: =IF(ISNUMBER('ISD NATHAM TOP 5 VILLAGES'!D7),'ISD NATHAM TOP 5 VILLAGES'!D7,"") -> 2 | S48: =IF(ISNUMBER(R48),R48+(1000-4)/100000,-1) -> 2.00996 | U48: =CHOOSE(Dashboard!$T$24,A48,F48,K48,P48) -> BHUVANAGIRI | V48: =CHOOSE(Dashboard!$T$24,B48,G48,L48,Q48) -> MIRALUR | W48: =CHOOSE(Dashboard!$T$24,C48,H48,M48,R48) -> 4 | X48: =CHOOSE(Dashboard!$T$24,D48,I48,N48,S48) -> 4.00996
A49: =IF('NISD RURAL TOP 5 REJECTION VILL'!B8<>"",'NISD RURAL TOP 5 REJECTION VILL'!B8,A48) -> CHIDAMBARAM | B49: =IF('NISD RURAL TOP 5 REJECTION VILL'!C8="","",'NISD RURAL TOP 5 REJECTION VILL'!C8) -> KEEZHANUVAMPATTU | C49: =IF(ISNUMBER('NISD RURAL TOP 5 REJECTION VILL'!D8),'NISD RURAL TOP 5 REJECTION VILL'!D8,"") -> 4 | D49: =IF(ISNUMBER(C49),C49+(1000-5)/100000,-1) -> 4.00995 | F49: =IF('NISD NATHAM TOP 5 REJECTION VIL'!B8<>"",'NISD NATHAM TOP 5 REJECTION VIL'!B8,F48) -> CHIDAMBARAM | G49: =IF('NISD NATHAM TOP 5 REJECTION VIL'!C8="","",'NISD NATHAM TOP 5 REJECTION VIL'!C8) -> Usupur | H49: =IF(ISNUMBER('NISD NATHAM TOP 5 REJECTION VIL'!D8),'NISD NATHAM TOP 5 REJECTION VIL'!D8,"") -> 5 | I49: =IF(ISNUMBER(H49),H49+(1000-5)/100000,-1) -> 5.00995 | K49: =IF('ISD RURAL TOP 5VILLAGES'!B8<>"",'ISD RURAL TOP 5VILLAGES'!B8,K48) -> CHIDAMBARAM | L49: =IF('ISD RURAL TOP 5VILLAGES'!C8="","",'ISD RURAL TOP 5VILLAGES'!C8) -> C.KOTHANKUDI | M49: =IF(ISNUMBER('ISD RURAL TOP 5VILLAGES'!D8),'ISD RURAL TOP 5VILLAGES'!D8,"") -> 6 | N49: =IF(ISNUMBER(M49),M49+(1000-5)/100000,-1) -> 6.00995 | P49: =IF('ISD NATHAM TOP 5 VILLAGES'!B8<>"",'ISD NATHAM TOP 5 VILLAGES'!B8,P48) -> CHIDAMBARAM | Q49: =IF('ISD NATHAM TOP 5 VILLAGES'!C8="","",'ISD NATHAM TOP 5 VILLAGES'!C8) -> NAJAIMAGATHUVAZHKAI | R49: =IF(ISNUMBER('ISD NATHAM TOP 5 VILLAGES'!D8),'ISD NATHAM TOP 5 VILLAGES'!D8,"") -> 3 | S49: =IF(ISNUMBER(R49),R49+(1000-5)/100000,-1) -> 3.00995 | U49: =CHOOSE(Dashboard!$T$24,A49,F49,K49,P49) -> CHIDAMBARAM | V49: =CHOOSE(Dashboard!$T$24,B49,G49,L49,Q49) -> KEEZHANUVAMPATTU | W49: =CHOOSE(Dashboard!$T$24,C49,H49,M49,R49) -> 4 | X49: =CHOOSE(Dashboard!$T$24,D49,I49,N49,S49) -> 4.00995
A50: =IF('NISD RURAL TOP 5 REJECTION VILL'!B9<>"",'NISD RURAL TOP 5 REJECTION VILL'!B9,A49) -> CHIDAMBARAM | B50: =IF('NISD RURAL TOP 5 REJECTION VILL'!C9="","",'NISD RURAL TOP 5 REJECTION VILL'!C9) -> B.MADUVANKARI | C50: =IF(ISNUMBER('NISD RURAL TOP 5 REJECTION VILL'!D9),'NISD RURAL TOP 5 REJECTION VILL'!D9,"") -> 3 | D50: =IF(ISNUMBER(C50),C50+(1000-6)/100000,-1) -> 3.00994 | F50: =IF('NISD NATHAM TOP 5 REJECTION VIL'!B9<>"",'NISD NATHAM TOP 5 REJECTION VIL'!B9,F49) -> CHIDAMBARAM | G50: =IF('NISD NATHAM TOP 5 REJECTION VIL'!C9="","",'NISD NATHAM TOP 5 REJECTION VIL'!C9) -> Mugaiyur | H50: =IF(ISNUMBER('NISD NATHAM TOP 5 REJECTION VIL'!D9),'NISD NATHAM TOP 5 REJECTION VIL'!D9,"") -> 3 | I50: =IF(ISNUMBER(H50),H50+(1000-6)/100000,-1) -> 3.00994 | K50: =IF('ISD RURAL TOP 5VILLAGES'!B9<>"",'ISD RURAL TOP 5VILLAGES'!B9,K49) -> CHIDAMBARAM | L50: =IF('ISD RURAL TOP 5VILLAGES'!C9="","",'ISD RURAL TOP 5VILLAGES'!C9) -> PARAMESHVARANALLUR | M50: =IF(ISNUMBER('ISD RURAL TOP 5VILLAGES'!D9),'ISD RURAL TOP 5VILLAGES'!D9,"") -> 6 | N50: =IF(ISNUMBER(M50),M50+(1000-6)/100000,-1) -> 6.00994 | P50: =IF('ISD NATHAM TOP 5 VILLAGES'!B9<>"",'ISD NATHAM TOP 5 VILLAGES'!B9,P49) -> CHIDAMBARAM | Q50: =IF('ISD NATHAM TOP 5 VILLAGES'!C9="","",'ISD NATHAM TOP 5 VILLAGES'!C9) -> C.THANDESWARANALLUR | R50: =IF(ISNUMBER('ISD NATHAM TOP 5 VILLAGES'!D9),'ISD NATHAM TOP 5 VILLAGES'!D9,"") -> 3 | S50: =IF(ISNUMBER(R50),R50+(1000-6)/100000,-1) -> 3.00994 | U50: =CHOOSE(Dashboard!$T$24,A50,F50,K50,P50) -> CHIDAMBARAM | V50: =CHOOSE(Dashboard!$T$24,B50,G50,L50,Q50) -> B.MADUVANKARI | W50: =CHOOSE(Dashboard!$T$24,C50,H50,M50,R50) -> 3 | X50: =CHOOSE(Dashboard!$T$24,D50,I50,N50,S50) -> 3.00994
A51: =IF('NISD RURAL TOP 5 REJECTION VILL'!B10<>"",'NISD RURAL TOP 5 REJECTION VILL'!B10,A50) -> CHIDAMBARAM | B51: =IF('NISD RURAL TOP 5 REJECTION VILL'!C10="","",'NISD RURAL TOP 5 REJECTION VILL'!C10) -> MEDHIKUDI | C51: =IF(ISNUMBER('NISD RURAL TOP 5 REJECTION VILL'!D10),'NISD RURAL TOP 5 REJECTION VILL'!D10,"") -> 3 | D51: =IF(ISNUMBER(C51),C51+(1000-7)/100000,-1) -> 3.00993 | F51: =IF('NISD NATHAM TOP 5 REJECTION VIL'!B10<>"",'NISD NATHAM TOP 5 REJECTION VIL'!B10,F50) -> CHIDAMBARAM | G51: =IF('NISD NATHAM TOP 5 REJECTION VIL'!C10="","",'NISD NATHAM TOP 5 REJECTION VIL'!C10) -> B.Maduvankarai | H51: =IF(ISNUMBER('NISD NATHAM TOP 5 REJECTION VIL'!D10),'NISD NATHAM TOP 5 REJECTION VIL'!D10,"") -> 2 | I51: =IF(ISNUMBER(H51),H51+(1000-7)/100000,-1) -> 2.00993 | K51: =IF('ISD RURAL TOP 5VILLAGES'!B10<>"",'ISD RURAL TOP 5VILLAGES'!B10,K50) -> CHIDAMBARAM | L51: =IF('ISD RURAL TOP 5VILLAGES'!C10="","",'ISD RURAL TOP 5VILLAGES'!C10) -> LALPURAM | M51: =IF(ISNUMBER('ISD RURAL TOP 5VILLAGES'!D10),'ISD RURAL TOP 5VILLAGES'!D10,"") -> 5 | N51: =IF(ISNUMBER(M51),M51+(1000-7)/100000,-1) -> 5.00993 | P51: =IF('ISD NATHAM TOP 5 VILLAGES'!B10<>"",'ISD NATHAM TOP 5 VILLAGES'!B10,P50) -> CHIDAMBARAM | Q51: =IF('ISD NATHAM TOP 5 VILLAGES'!C10="","",'ISD NATHAM TOP 5 VILLAGES'!C10) -> VASAPUTHUR | R51: =IF(ISNUMBER('ISD NATHAM TOP 5 VILLAGES'!D10),'ISD NATHAM TOP 5 VILLAGES'!D10,"") -> 2 | S51: =IF(ISNUMBER(R51),R51+(1000-7)/100000,-1) -> 2.00993 | U51: =CHOOSE(Dashboard!$T$24,A51,F51,K51,P51) -> CHIDAMBARAM | V51: =CHOOSE(Dashboard!$T$24,B51,G51,L51,Q51) -> MEDHIKUDI | W51: =CHOOSE(Dashboard!$T$24,C51,H51,M51,R51) -> 3 | X51: =CHOOSE(Dashboard!$T$24,D51,I51,N51,S51) -> 3.00993
A52: =IF('NISD RURAL TOP 5 REJECTION VILL'!B11<>"",'NISD RURAL TOP 5 REJECTION VILL'!B11,A51) -> CHIDAMBARAM | B52: =IF('NISD RURAL TOP 5 REJECTION VILL'!C11="","",'NISD RURAL TOP 5 REJECTION VILL'!C11) -> USUPUR | C52: =IF(ISNUMBER('NISD RURAL TOP 5 REJECTION VILL'!D11),'NISD RURAL TOP 5 REJECTION VILL'!D11,"") -> 2 | D52: =IF(ISNUMBER(C52),C52+(1000-8)/100000,-1) -> 2.00992 | F52: =IF('NISD NATHAM TOP 5 REJECTION VIL'!B11<>"",'NISD NATHAM TOP 5 REJECTION VIL'!B11,F51) -> CHIDAMBARAM | G52: =IF('NISD NATHAM TOP 5 REJECTION VIL'!C11="","",'NISD NATHAM TOP 5 REJECTION VIL'!C11) -> C.Thandeawaranallur | H52: =IF(ISNUMBER('NISD NATHAM TOP 5 REJECTION VIL'!D11),'NISD NATHAM TOP 5 REJECTION VIL'!D11,"") -> 2 | I52: =IF(ISNUMBER(H52),H52+(1000-8)/100000,-1) -> 2.00992 | K52: =IF('ISD RURAL TOP 5VILLAGES'!B11<>"",'ISD RURAL TOP 5VILLAGES'!B11,K51) -> CHIDAMBARAM | L52: =IF('ISD RURAL TOP 5VILLAGES'!C11="","",'ISD RURAL TOP 5VILLAGES'!C11) -> MTIKUDI | M52: =IF(ISNUMBER('ISD RURAL TOP 5VILLAGES'!D11),'ISD RURAL TOP 5VILLAGES'!D11,"") -> 5 | N52: =IF(ISNUMBER(M52),M52+(1000-8)/100000,-1) -> 5.00992 | P52: =IF('ISD NATHAM TOP 5 VILLAGES'!B11<>"",'ISD NATHAM TOP 5 VILLAGES'!B11,P51) -> CHIDAMBARAM | Q52: =IF('ISD NATHAM TOP 5 VILLAGES'!C11="","",'ISD NATHAM TOP 5 VILLAGES'!C11) -> VAIYUR | R52: =IF(ISNUMBER('ISD NATHAM TOP 5 VILLAGES'!D11),'ISD NATHAM TOP 5 VILLAGES'!D11,"") -> 1 | S52: =IF(ISNUMBER(R52),R52+(1000-8)/100000,-1) -> 1.00992 | U52: =CHOOSE(Dashboard!$T$24,A52,F52,K52,P52) -> CHIDAMBARAM | V52: =CHOOSE(Dashboard!$T$24,B52,G52,L52,Q52) -> USUPUR | W52: =CHOOSE(Dashboard!$T$24,C52,H52,M52,R52) -> 2 | X52: =CHOOSE(Dashboard!$T$24,D52,I52,N52,S52) -> 2.00992
A53: =IF('NISD RURAL TOP 5 REJECTION VILL'!B12<>"",'NISD RURAL TOP 5 REJECTION VILL'!B12,A52) -> CHIDAMBARAM | B53: =IF('NISD RURAL TOP 5 REJECTION VILL'!C12="","",'NISD RURAL TOP 5 REJECTION VILL'!C12) -> UTHAMANCHOZHAMANGALAM | C53: =IF(ISNUMBER('NISD RURAL TOP 5 REJECTION VILL'!D12),'NISD RURAL TOP 5 REJECTION VILL'!D12,"") -> 2 | D53: =IF(ISNUMBER(C53),C53+(1000-9)/100000,-1) -> 2.00991 | F53: =IF('NISD NATHAM TOP 5 REJECTION VIL'!B12<>"",'NISD NATHAM TOP 5 REJECTION VIL'!B12,F52) -> CHIDAMBARAM | G53: =IF('NISD NATHAM TOP 5 REJECTION VIL'!C12="","",'NISD NATHAM TOP 5 REJECTION VIL'!C12) -> Keezhnatham | H53: =IF(ISNUMBER('NISD NATHAM TOP 5 REJECTION VIL'!D12),'NISD NATHAM TOP 5 REJECTION VIL'!D12,"") -> 2 | I53: =IF(ISNUMBER(H53),H53+(1000-9)/100000,-1) -> 2.00991 | K53: =IF('ISD RURAL TOP 5VILLAGES'!B12<>"",'ISD RURAL TOP 5VILLAGES'!B12,K52) -> CHIDAMBARAM | L53: =IF('ISD RURAL TOP 5VILLAGES'!C12="","",'ISD RURAL TOP 5VILLAGES'!C12) -> USUPPUR | M53: =IF(ISNUMBER('ISD RURAL TOP 5VILLAGES'!D12),'ISD RURAL TOP 5VILLAGES'!D12,"") -> 5 | N53: =IF(ISNUMBER(M53),M53+(1000-9)/100000,-1) -> 5.00991 | P53: =IF('ISD NATHAM TOP 5 VILLAGES'!B12<>"",'ISD NATHAM TOP 5 VILLAGES'!B12,P52) -> CHIDAMBARAM | Q53: =IF('ISD NATHAM TOP 5 VILLAGES'!C12="","",'ISD NATHAM TOP 5 VILLAGES'!C12) -> KANNAKUDI | R53: =IF(ISNUMBER('ISD NATHAM TOP 5 VILLAGES'!D12),'ISD NATHAM TOP 5 VILLAGES'!D12,"") -> 1 | S53: =IF(ISNUMBER(R53),R53+(1000-9)/100000,-1) -> 1.00991 | U53: =CHOOSE(Dashboard!$T$24,A53,F53,K53,P53) -> CHIDAMBARAM | V53: =CHOOSE(Dashboard!$T$24,B53,G53,L53,Q53) -> UTHAMANCHOZHAMANGALAM | W53: =CHOOSE(Dashboard!$T$24,C53,H53,M53,R53) -> 2 | X53: =CHOOSE(Dashboard!$T$24,D53,I53,N53,S53) -> 2.00991
A54: =IF('NISD RURAL TOP 5 REJECTION VILL'!B13<>"",'NISD RURAL TOP 5 REJECTION VILL'!B13,A53) -> CUDDALORE | B54: =IF('NISD RURAL TOP 5 REJECTION VILL'!C13="","",'NISD RURAL TOP 5 REJECTION VILL'!C13) -> KOTHANDARAMPURAM | C54: =IF(ISNUMBER('NISD RURAL TOP 5 REJECTION VILL'!D13),'NISD RURAL TOP 5 REJECTION VILL'!D13,"") -> 6 | D54: =IF(ISNUMBER(C54),C54+(1000-10)/100000,-1) -> 6.0099 | F54: =IF('NISD NATHAM TOP 5 REJECTION VIL'!B13<>"",'NISD NATHAM TOP 5 REJECTION VIL'!B13,F53) -> CUDDALORE | G54: =IF('NISD NATHAM TOP 5 REJECTION VIL'!C13="","",'NISD NATHAM TOP 5 REJECTION VIL'!C13) -> Karamanikuppam | H54: =IF(ISNUMBER('NISD NATHAM TOP 5 REJECTION VIL'!D13),'NISD NATHAM TOP 5 REJECTION VIL'!D13,"") -> 4 | I54: =IF(ISNUMBER(H54),H54+(1000-10)/100000,-1) -> 4.0099 | K54: =IF('ISD RURAL TOP 5VILLAGES'!B13<>"",'ISD RURAL TOP 5VILLAGES'!B13,K53) -> CUDDALORE | L54: =IF('ISD RURAL TOP 5VILLAGES'!C13="","",'ISD RURAL TOP 5VILLAGES'!C13) -> VELLAKARAI | M54: =IF(ISNUMBER('ISD RURAL TOP 5VILLAGES'!D13),'ISD RURAL TOP 5VILLAGES'!D13,"") -> 10 | N54: =IF(ISNUMBER(M54),M54+(1000-10)/100000,-1) -> 10.0099 | P54: =IF('ISD NATHAM TOP 5 VILLAGES'!B13<>"",'ISD NATHAM TOP 5 VILLAGES'!B13,P53) -> CUDDALORE | Q54: =IF('ISD NATHAM TOP 5 VILLAGES'!C13="","",'ISD NATHAM TOP 5 VILLAGES'!C13) -> NADUVEERAPATTU | R54: =IF(ISNUMBER('ISD NATHAM TOP 5 VILLAGES'!D13),'ISD NATHAM TOP 5 VILLAGES'!D13,"") -> 5 | S54: =IF(ISNUMBER(R54),R54+(1000-10)/100000,-1) -> 5.0099 | U54: =CHOOSE(Dashboard!$T$24,A54,F54,K54,P54) -> CUDDALORE | V54: =CHOOSE(Dashboard!$T$24,B54,G54,L54,Q54) -> KOTHANDARAMPURAM | W54: =CHOOSE(Dashboard!$T$24,C54,H54,M54,R54) -> 6 | X54: =CHOOSE(Dashboard!$T$24,D54,I54,N54,S54) -> 6.0099
A55: =IF('NISD RURAL TOP 5 REJECTION VILL'!B14<>"",'NISD RURAL TOP 5 REJECTION VILL'!B14,A54) -> CUDDALORE | B55: =IF('NISD RURAL TOP 5 REJECTION VILL'!C14="","",'NISD RURAL TOP 5 REJECTION VILL'!C14) -> VELLAKARAI | C55: =IF(ISNUMBER('NISD RURAL TOP 5 REJECTION VILL'!D14),'NISD RURAL TOP 5 REJECTION VILL'!D14,"") -> 6 | D55: =IF(ISNUMBER(C55),C55+(1000-11)/100000,-1) -> 6.00989 | F55: =IF('NISD NATHAM TOP 5 REJECTION VIL'!B14<>"",'NISD NATHAM TOP 5 REJECTION VIL'!B14,F54) -> CUDDALORE | G55: =IF('NISD NATHAM TOP 5 REJECTION VIL'!C14="","",'NISD NATHAM TOP 5 REJECTION VIL'!C14) -> Ramapuram | H55: =IF(ISNUMBER('NISD NATHAM TOP 5 REJECTION VIL'!D14),'NISD NATHAM TOP 5 REJECTION VIL'!D14,"") -> 4 | I55: =IF(ISNUMBER(H55),H55+(1000-11)/100000,-1) -> 4.00989 | K55: =IF('ISD RURAL TOP 5VILLAGES'!B14<>"",'ISD RURAL TOP 5VILLAGES'!B14,K54) -> CUDDALORE | L55: =IF('ISD RURAL TOP 5VILLAGES'!C14="","",'ISD RURAL TOP 5VILLAGES'!C14) -> NATHAPATTU | M55: =IF(ISNUMBER('ISD RURAL TOP 5VILLAGES'!D14),'ISD RURAL TOP 5VILLAGES'!D14,"") -> 7 | N55: =IF(ISNUMBER(M55),M55+(1000-11)/100000,-1) -> 7.00989 | P55: =IF('ISD NATHAM TOP 5 VILLAGES'!B14<>"",'ISD NATHAM TOP 5 VILLAGES'!B14,P54) -> CUDDALORE | Q55: =IF('ISD NATHAM TOP 5 VILLAGES'!C14="","",'ISD NATHAM TOP 5 VILLAGES'!C14) -> VELLAKARAI | R55: =IF(ISNUMBER('ISD NATHAM TOP 5 VILLAGES'!D14),'ISD NATHAM TOP 5 VILLAGES'!D14,"") -> 4 | S55: =IF(ISNUMBER(R55),R55+(1000-11)/100000,-1) -> 4.00989 | U55: =CHOOSE(Dashboard!$T$24,A55,F55,K55,P55) -> CUDDALORE | V55: =CHOOSE(Dashboard!$T$24,B55,G55,L55,Q55) -> VELLAKARAI | W55: =CHOOSE(Dashboard!$T$24,C55,H55,M55,R55) -> 6 | X55: =CHOOSE(Dashboard!$T$24,D55,I55,N55,S55) -> 6.00989
A56: =IF('NISD RURAL TOP 5 REJECTION VILL'!B15<>"",'NISD RURAL TOP 5 REJECTION VILL'!B15,A55) -> CUDDALORE | B56: =IF('NISD RURAL TOP 5 REJECTION VILL'!C15="","",'NISD RURAL TOP 5 REJECTION VILL'!C15) -> THIRUVANDHIPURAM | C56: =IF(ISNUMBER('NISD RURAL TOP 5 REJECTION VILL'!D15),'NISD RURAL TOP 5 REJECTION VILL'!D15,"") -> 6 | D56: =IF(ISNUMBER(C56),C56+(1000-12)/100000,-1) -> 6.00988 | F56: =IF('NISD NATHAM TOP 5 REJECTION VIL'!B15<>"",'NISD NATHAM TOP 5 REJECTION VIL'!B15,F55) -> CUDDALORE | G56: =IF('NISD NATHAM TOP 5 REJECTION VIL'!C15="","",'NISD NATHAM TOP 5 REJECTION VIL'!C15) -> Naduveerapattu | H56: =IF(ISNUMBER('NISD NATHAM TOP 5 REJECTION VIL'!D15),'NISD NATHAM TOP 5 REJECTION VIL'!D15,"") -> 3 | I56: =IF(ISNUMBER(H56),H56+(1000-12)/100000,-1) -> 3.00988 | K56: =IF('ISD RURAL TOP 5VILLAGES'!B15<>"",'ISD RURAL TOP 5VILLAGES'!B15,K55) -> CUDDALORE | L56: =IF('ISD RURAL TOP 5VILLAGES'!C15="","",'ISD RURAL TOP 5VILLAGES'!C15) -> NADUVEERAPATTU | M56: =IF(ISNUMBER('ISD RURAL TOP 5VILLAGES'!D15),'ISD RURAL TOP 5VILLAGES'!D15,"") -> 6 | N56: =IF(ISNUMBER(M56),M56+(1000-12)/100000,-1) -> 6.00988 | P56: =IF('ISD NATHAM TOP 5 VILLAGES'!B15<>"",'ISD NATHAM TOP 5 VILLAGES'!B15,P55) -> CUDDALORE | Q56: =IF('ISD NATHAM TOP 5 VILLAGES'!C15="","",'ISD NATHAM TOP 5 VILLAGES'!C15) -> ANNAVALLI | R56: =IF(ISNUMBER('ISD NATHAM TOP 5 VILLAGES'!D15),'ISD NATHAM TOP 5 VILLAGES'!D15,"") -> 3 | S56: =IF(ISNUMBER(R56),R56+(1000-12)/100000,-1) -> 3.00988 | U56: =CHOOSE(Dashboard!$T$24,A56,F56,K56,P56) -> CUDDALORE | V56: =CHOOSE(Dashboard!$T$24,B56,G56,L56,Q56) -> THIRUVANDHIPURAM | W56: =CHOOSE(Dashboard!$T$24,C56,H56,M56,R56) -> 6 | X56: =CHOOSE(Dashboard!$T$24,D56,I56,N56,S56) -> 6.00988
A57: =IF('NISD RURAL TOP 5 REJECTION VILL'!B16<>"",'NISD RURAL TOP 5 REJECTION VILL'!B16,A56) -> CUDDALORE | B57: =IF('NISD RURAL TOP 5 REJECTION VILL'!C16="","",'NISD RURAL TOP 5 REJECTION VILL'!C16) -> KONDUR | C57: =IF(ISNUMBER('NISD RURAL TOP 5 REJECTION VILL'!D16),'NISD RURAL TOP 5 REJECTION VILL'!D16,"") -> 4 | D57: =IF(ISNUMBER(C57),C57+(1000-13)/100000,-1) -> 4.00987 | F57: =IF('NISD NATHAM TOP 5 REJECTION VIL'!B16<>"",'NISD NATHAM TOP 5 REJECTION VIL'!B16,F56) -> CUDDALORE | G57: =IF('NISD NATHAM TOP 5 REJECTION VIL'!C16="","",'NISD NATHAM TOP 5 REJECTION VIL'!C16) -> Mathalapatti | H57: =IF(ISNUMBER('NISD NATHAM TOP 5 REJECTION VIL'!D16),'NISD NATHAM TOP 5 REJECTION VIL'!D16,"") -> 3 | I57: =IF(ISNUMBER(H57),H57+(1000-13)/100000,-1) -> 3.00987 | K57: =IF('ISD RURAL TOP 5VILLAGES'!B16<>"",'ISD RURAL TOP 5VILLAGES'!B16,K56) -> CUDDALORE | L57: =IF('ISD RURAL TOP 5VILLAGES'!C16="","",'ISD RURAL TOP 5VILLAGES'!C16) -> PACHAIYANKUPPAM | M57: =IF(ISNUMBER('ISD RURAL TOP 5VILLAGES'!D16),'ISD RURAL TOP 5VILLAGES'!D16,"") -> 5 | N57: =IF(ISNUMBER(M57),M57+(1000-13)/100000,-1) -> 5.00987 | P57: =IF('ISD NATHAM TOP 5 VILLAGES'!B16<>"",'ISD NATHAM TOP 5 VILLAGES'!B16,P56) -> CUDDALORE | Q57: =IF('ISD NATHAM TOP 5 VILLAGES'!C16="","",'ISD NATHAM TOP 5 VILLAGES'!C16) -> PATHIRIKUPPAM | R57: =IF(ISNUMBER('ISD NATHAM TOP 5 VILLAGES'!D16),'ISD NATHAM TOP 5 VILLAGES'!D16,"") -> 3 | S57: =IF(ISNUMBER(R57),R57+(1000-13)/100000,-1) -> 3.00987 | U57: =CHOOSE(Dashboard!$T$24,A57,F57,K57,P57) -> CUDDALORE | V57: =CHOOSE(Dashboard!$T$24,B57,G57,L57,Q57) -> KONDUR | W57: =CHOOSE(Dashboard!$T$24,C57,H57,M57,R57) -> 4 | X57: =CHOOSE(Dashboard!$T$24,D57,I57,N57,S57) -> 4.00987
A58: =IF('NISD RURAL TOP 5 REJECTION VILL'!B17<>"",'NISD RURAL TOP 5 REJECTION VILL'!B17,A57) -> CUDDALORE | B58: =IF('NISD RURAL TOP 5 REJECTION VILL'!C17="","",'NISD RURAL TOP 5 REJECTION VILL'!C17) -> ARISIPERIYANKUPPAM | C58: =IF(ISNUMBER('NISD RURAL TOP 5 REJECTION VILL'!D17),'NISD RURAL TOP 5 REJECTION VILL'!D17,"") -> 3 | D58: =IF(ISNUMBER(C58),C58+(1000-14)/100000,-1) -> 3.00986 | F58: =IF('NISD NATHAM TOP 5 REJECTION VIL'!B17<>"",'NISD NATHAM TOP 5 REJECTION VIL'!B17,F57) -> CUDDALORE | G58: =IF('NISD NATHAM TOP 5 REJECTION VIL'!C17="","",'NISD NATHAM TOP 5 REJECTION VIL'!C17) -> Vellakarai | H58: =IF(ISNUMBER('NISD NATHAM TOP 5 REJECTION VIL'!D17),'NISD NATHAM TOP 5 REJECTION VIL'!D17,"") -> 2 | I58: =IF(ISNUMBER(H58),H58+(1000-14)/100000,-1) -> 2.00986 | K58: =IF('ISD RURAL TOP 5VILLAGES'!B17<>"",'ISD RURAL TOP 5VILLAGES'!B17,K57) -> CUDDALORE | L58: =IF('ISD RURAL TOP 5VILLAGES'!C17="","",'ISD RURAL TOP 5VILLAGES'!C17) -> SEDDAPALAYAM | M58: =IF(ISNUMBER('ISD RURAL TOP 5VILLAGES'!D17),'ISD RURAL TOP 5VILLAGES'!D17,"") -> 4 | N58: =IF(ISNUMBER(M58),M58+(1000-14)/100000,-1) -> 4.00986 | P58: =IF('ISD NATHAM TOP 5 VILLAGES'!B17<>"",'ISD NATHAM TOP 5 VILLAGES'!B17,P57) -> CUDDALORE | Q58: =IF('ISD NATHAM TOP 5 VILLAGES'!C17="","",'ISD NATHAM TOP 5 VILLAGES'!C17) -> RAMAPURAM | R58: =IF(ISNUMBER('ISD NATHAM TOP 5 VILLAGES'!D17),'ISD NATHAM TOP 5 VILLAGES'!D17,"") -> 2 | S58: =IF(ISNUMBER(R58),R58+(1000-14)/100000,-1) -> 2.00986 | U58: =CHOOSE(Dashboard!$T$24,A58,F58,K58,P58) -> CUDDALORE | V58: =CHOOSE(Dashboard!$T$24,B58,G58,L58,Q58) -> ARISIPERIYANKUPPAM | W58: =CHOOSE(Dashboard!$T$24,C58,H58,M58,R58) -> 3 | X58: =CHOOSE(Dashboard!$T$24,D58,I58,N58,S58) -> 3.00986
A59: =IF('NISD RURAL TOP 5 REJECTION VILL'!B18<>"",'NISD RURAL TOP 5 REJECTION VILL'!B18,A58) -> PANRUTI | B59: =IF('NISD RURAL TOP 5 REJECTION VILL'!C18="","",'NISD RURAL TOP 5 REJECTION VILL'!C18) -> VEGAKOLLAI | C59: =IF(ISNUMBER('NISD RURAL TOP 5 REJECTION VILL'!D18),'NISD RURAL TOP 5 REJECTION VILL'!D18,"") -> 21 | D59: =IF(ISNUMBER(C59),C59+(1000-15)/100000,-1) -> 21.00985 | F59: =IF('NISD NATHAM TOP 5 REJECTION VIL'!B18<>"",'NISD NATHAM TOP 5 REJECTION VIL'!B18,F58) -> PANRUTI | G59: =IF('NISD NATHAM TOP 5 REJECTION VIL'!C18="","",'NISD NATHAM TOP 5 REJECTION VIL'!C18) -> Vallam | H59: =IF(ISNUMBER('NISD NATHAM TOP 5 REJECTION VIL'!D18),'NISD NATHAM TOP 5 REJECTION VIL'!D18,"") -> 8 | I59: =IF(ISNUMBER(H59),H59+(1000-15)/100000,-1) -> 8.00985 | K59: =IF('ISD RURAL TOP 5VILLAGES'!B18<>"",'ISD RURAL TOP 5VILLAGES'!B18,K58) -> PANRUTI | L59: =IF('ISD RURAL TOP 5VILLAGES'!C18="","",'ISD RURAL TOP 5VILLAGES'!C18) -> VEGAKOLLAI | M59: =IF(ISNUMBER('ISD RURAL TOP 5VILLAGES'!D18),'ISD RURAL TOP 5VILLAGES'!D18,"") -> 10 | N59: =IF(ISNUMBER(M59),M59+(1000-15)/100000,-1) -> 10.00985 | P59: =IF('ISD NATHAM TOP 5 VILLAGES'!B18<>"",'ISD NATHAM TOP 5 VILLAGES'!B18,P58) -> PANRUTI | Q59: =IF('ISD NATHAM TOP 5 VILLAGES'!C18="","",'ISD NATHAM TOP 5 VILLAGES'!C18) -> VISUR | R59: =IF(ISNUMBER('ISD NATHAM TOP 5 VILLAGES'!D18),'ISD NATHAM TOP 5 VILLAGES'!D18,"") -> 6 | S59: =IF(ISNUMBER(R59),R59+(1000-15)/100000,-1) -> 6.00985 | U59: =CHOOSE(Dashboard!$T$24,A59,F59,K59,P59) -> PANRUTI | V59: =CHOOSE(Dashboard!$T$24,B59,G59,L59,Q59) -> VEGAKOLLAI | W59: =CHOOSE(Dashboard!$T$24,C59,H59,M59,R59) -> 21 | X59: =CHOOSE(Dashboard!$T$24,D59,I59,N59,S59) -> 21.00985
A60: =IF('NISD RURAL TOP 5 REJECTION VILL'!B19<>"",'NISD RURAL TOP 5 REJECTION VILL'!B19,A59) -> PANRUTI | B60: =IF('NISD RURAL TOP 5 REJECTION VILL'!C19="","",'NISD RURAL TOP 5 REJECTION VILL'!C19) -> VALLAM | C60: =IF(ISNUMBER('NISD RURAL TOP 5 REJECTION VILL'!D19),'NISD RURAL TOP 5 REJECTION VILL'!D19,"") -> 14 | D60: =IF(ISNUMBER(C60),C60+(1000-16)/100000,-1) -> 14.00984 | F60: =IF('NISD NATHAM TOP 5 REJECTION VIL'!B19<>"",'NISD NATHAM TOP 5 REJECTION VIL'!B19,F59) -> PANRUTI | G60: =IF('NISD NATHAM TOP 5 REJECTION VIL'!C19="","",'NISD NATHAM TOP 5 REJECTION VIL'!C19) -> Nadukuppam | H60: =IF(ISNUMBER('NISD NATHAM TOP 5 REJECTION VIL'!D19),'NISD NATHAM TOP 5 REJECTION VIL'!D19,"") -> 7 | I60: =IF(ISNUMBER(H60),H60+(1000-16)/100000,-1) -> 7.00984 | K60: =IF('ISD RURAL TOP 5VILLAGES'!B19<>"",'ISD RURAL TOP 5VILLAGES'!B19,K59) -> PANRUTI | L60: =IF('ISD RURAL TOP 5VILLAGES'!C19="","",'ISD RURAL TOP 5VILLAGES'!C19) -> MALIGAMPATTU | M60: =IF(ISNUMBER('ISD RURAL TOP 5VILLAGES'!D19),'ISD RURAL TOP 5VILLAGES'!D19,"") -> 9 | N60: =IF(ISNUMBER(M60),M60+(1000-16)/100000,-1) -> 9.00984 | P60: =IF('ISD NATHAM TOP 5 VILLAGES'!B19<>"",'ISD NATHAM TOP 5 VILLAGES'!B19,P59) -> PANRUTI | Q60: =IF('ISD NATHAM TOP 5 VILLAGES'!C19="","",'ISD NATHAM TOP 5 VILLAGES'!C19) -> L.N.PURAM | R60: =IF(ISNUMBER('ISD NATHAM TOP 5 VILLAGES'!D19),'ISD NATHAM TOP 5 VILLAGES'!D19,"") -> 4 | S60: =IF(ISNUMBER(R60),R60+(1000-16)/100000,-1) -> 4.00984 | U60: =CHOOSE(Dashboard!$T$24,A60,F60,K60,P60) -> PANRUTI | V60: =CHOOSE(Dashboard!$T$24,B60,G60,L60,Q60) -> VALLAM | W60: =CHOOSE(Dashboard!$T$24,C60,H60,M60,R60) -> 14 | X60: =CHOOSE(Dashboard!$T$24,D60,I60,N60,S60) -> 14.00984
A61: =IF('NISD RURAL TOP 5 REJECTION VILL'!B20<>"",'NISD RURAL TOP 5 REJECTION VILL'!B20,A60) -> PANRUTI | B61: =IF('NISD RURAL TOP 5 REJECTION VILL'!C20="","",'NISD RURAL TOP 5 REJECTION VILL'!C20) -> MELMAMPATTU | C61: =IF(ISNUMBER('NISD RURAL TOP 5 REJECTION VILL'!D20),'NISD RURAL TOP 5 REJECTION VILL'!D20,"") -> 9 | D61: =IF(ISNUMBER(C61),C61+(1000-17)/100000,-1) -> 9.00983 | F61: =IF('NISD NATHAM TOP 5 REJECTION VIL'!B20<>"",'NISD NATHAM TOP 5 REJECTION VIL'!B20,F60) -> PANRUTI | G61: =IF('NISD NATHAM TOP 5 REJECTION VIL'!C20="","",'NISD NATHAM TOP 5 REJECTION VIL'!C20) -> Visur | H61: =IF(ISNUMBER('NISD NATHAM TOP 5 REJECTION VIL'!D20),'NISD NATHAM TOP 5 REJECTION VIL'!D20,"") -> 5 | I61: =IF(ISNUMBER(H61),H61+(1000-17)/100000,-1) -> 5.00983 | K61: =IF('ISD RURAL TOP 5VILLAGES'!B20<>"",'ISD RURAL TOP 5VILLAGES'!B20,K60) -> PANRUTI | L61: =IF('ISD RURAL TOP 5VILLAGES'!C20="","",'ISD RURAL TOP 5VILLAGES'!C20) -> SILAMBINATHANPETTAI | M61: =IF(ISNUMBER('ISD RURAL TOP 5VILLAGES'!D20),'ISD RURAL TOP 5VILLAGES'!D20,"") -> 5 | N61: =IF(ISNUMBER(M61),M61+(1000-17)/100000,-1) -> 5.00983 | P61: =IF('ISD NATHAM TOP 5 VILLAGES'!B20<>"",'ISD NATHAM TOP 5 VILLAGES'!B20,P60) -> PANRUTI | Q61: =IF('ISD NATHAM TOP 5 VILLAGES'!C20="","",'ISD NATHAM TOP 5 VILLAGES'!C20) -> KADAMPULIYUR | R61: =IF(ISNUMBER('ISD NATHAM TOP 5 VILLAGES'!D20),'ISD NATHAM TOP 5 VILLAGES'!D20,"") -> 3 | S61: =IF(ISNUMBER(R61),R61+(1000-17)/100000,-1) -> 3.00983 | U61: =CHOOSE(Dashboard!$T$24,A61,F61,K61,P61) -> PANRUTI | V61: =CHOOSE(Dashboard!$T$24,B61,G61,L61,Q61) -> MELMAMPATTU | W61: =CHOOSE(Dashboard!$T$24,C61,H61,M61,R61) -> 9 | X61: =CHOOSE(Dashboard!$T$24,D61,I61,N61,S61) -> 9.00983
A62: =IF('NISD RURAL TOP 5 REJECTION VILL'!B21<>"",'NISD RURAL TOP 5 REJECTION VILL'!B21,A61) -> PANRUTI | B62: =IF('NISD RURAL TOP 5 REJECTION VILL'!C21="","",'NISD RURAL TOP 5 REJECTION VILL'!C21) -> MARUNGUR | C62: =IF(ISNUMBER('NISD RURAL TOP 5 REJECTION VILL'!D21),'NISD RURAL TOP 5 REJECTION VILL'!D21,"") -> 8 | D62: =IF(ISNUMBER(C62),C62+(1000-18)/100000,-1) -> 8.00982 | F62: =IF('NISD NATHAM TOP 5 REJECTION VIL'!B21<>"",'NISD NATHAM TOP 5 REJECTION VIL'!B21,F61) -> PANRUTI | G62: =IF('NISD NATHAM TOP 5 REJECTION VIL'!C21="","",'NISD NATHAM TOP 5 REJECTION VIL'!C21) -> Vegakollai | H62: =IF(ISNUMBER('NISD NATHAM TOP 5 REJECTION VIL'!D21),'NISD NATHAM TOP 5 REJECTION VIL'!D21,"") -> 4 | I62: =IF(ISNUMBER(H62),H62+(1000-18)/100000,-1) -> 4.00982 | K62: =IF('ISD RURAL TOP 5VILLAGES'!B21<>"",'ISD RURAL TOP 5VILLAGES'!B21,K61) -> PANRUTI | L62: =IF('ISD RURAL TOP 5VILLAGES'!C21="","",'ISD RURAL TOP 5VILLAGES'!C21) -> MARUNGUR | M62: =IF(ISNUMBER('ISD RURAL TOP 5VILLAGES'!D21),'ISD RURAL TOP 5VILLAGES'!D21,"") -> 5 | N62: =IF(ISNUMBER(M62),M62+(1000-18)/100000,-1) -> 5.00982 | P62: =IF('ISD NATHAM TOP 5 VILLAGES'!B21<>"",'ISD NATHAM TOP 5 VILLAGES'!B21,P61) -> PANRUTI | Q62: =IF('ISD NATHAM TOP 5 VILLAGES'!C21="","",'ISD NATHAM TOP 5 VILLAGES'!C21) -> KILKANGEYANKUPPAM | R62: =IF(ISNUMBER('ISD NATHAM TOP 5 VILLAGES'!D21),'ISD NATHAM TOP 5 VILLAGES'!D21,"") -> 3 | S62: =IF(ISNUMBER(R62),R62+(1000-18)/100000,-1) -> 3.00982 | U62: =CHOOSE(Dashboard!$T$24,A62,F62,K62,P62) -> PANRUTI | V62: =CHOOSE(Dashboard!$T$24,B62,G62,L62,Q62) -> MARUNGUR | W62: =CHOOSE(Dashboard!$T$24,C62,H62,M62,R62) -> 8 | X62: =CHOOSE(Dashboard!$T$24,D62,I62,N62,S62) -> 8.00982
A63: =IF('NISD RURAL TOP 5 REJECTION VILL'!B22<>"",'NISD RURAL TOP 5 REJECTION VILL'!B22,A62) -> PANRUTI | B63: =IF('NISD RURAL TOP 5 REJECTION VILL'!C22="","",'NISD RURAL TOP 5 REJECTION VILL'!C22) -> SILAMBIANATHAPETTAI | C63: =IF(ISNUMBER('NISD RURAL TOP 5 REJECTION VILL'!D22),'NISD RURAL TOP 5 REJECTION VILL'!D22,"") -> 7 | D63: =IF(ISNUMBER(C63),C63+(1000-19)/100000,-1) -> 7.00981 | F63: =IF('NISD NATHAM TOP 5 REJECTION VIL'!B22<>"",'NISD NATHAM TOP 5 REJECTION VIL'!B22,F62) -> PANRUTI | G63: =IF('NISD NATHAM TOP 5 REJECTION VIL'!C22="","",'NISD NATHAM TOP 5 REJECTION VIL'!C22) -> Kilkangayankuppam | H63: =IF(ISNUMBER('NISD NATHAM TOP 5 REJECTION VIL'!D22),'NISD NATHAM TOP 5 REJECTION VIL'!D22,"") -> 4 | I63: =IF(ISNUMBER(H63),H63+(1000-19)/100000,-1) -> 4.00981 | K63: =IF('ISD RURAL TOP 5VILLAGES'!B22<>"",'ISD RURAL TOP 5VILLAGES'!B22,K62) -> PANRUTI | L63: =IF('ISD RURAL TOP 5VILLAGES'!C22="","",'ISD RURAL TOP 5VILLAGES'!C22) -> MELMAMPATTU | M63: =IF(ISNUMBER('ISD RURAL TOP 5VILLAGES'!D22),'ISD RURAL TOP 5VILLAGES'!D22,"") -> 4 | N63: =IF(ISNUMBER(M63),M63+(1000-19)/100000,-1) -> 4.00981 | P63: =IF('ISD NATHAM TOP 5 VILLAGES'!B22<>"",'ISD NATHAM TOP 5 VILLAGES'!B22,P62) -> PANRUTI | Q63: =IF('ISD NATHAM TOP 5 VILLAGES'!C22="","",'ISD NATHAM TOP 5 VILLAGES'!C22) -> PURANGANI | R63: =IF(ISNUMBER('ISD NATHAM TOP 5 VILLAGES'!D22),'ISD NATHAM TOP 5 VILLAGES'!D22,"") -> 2 | S63: =IF(ISNUMBER(R63),R63+(1000-19)/100000,-1) -> 2.00981 | U63: =CHOOSE(Dashboard!$T$24,A63,F63,K63,P63) -> PANRUTI | V63: =CHOOSE(Dashboard!$T$24,B63,G63,L63,Q63) -> SILAMBIANATHAPETTAI | W63: =CHOOSE(Dashboard!$T$24,C63,H63,M63,R63) -> 7 | X63: =CHOOSE(Dashboard!$T$24,D63,I63,N63,S63) -> 7.00981
A64: =IF('NISD RURAL TOP 5 REJECTION VILL'!B23<>"",'NISD RURAL TOP 5 REJECTION VILL'!B23,A63) -> KURINJIPADI | B64: =IF('NISD RURAL TOP 5 REJECTION VILL'!C23="","",'NISD RURAL TOP 5 REJECTION VILL'!C23) -> VADAKUTHU | C64: =IF(ISNUMBER('NISD RURAL TOP 5 REJECTION VILL'!D23),'NISD RURAL TOP 5 REJECTION VILL'!D23,"") -> 10 | D64: =IF(ISNUMBER(C64),C64+(1000-20)/100000,-1) -> 10.0098 | F64: =IF('NISD NATHAM TOP 5 REJECTION VIL'!B23<>"",'NISD NATHAM TOP 5 REJECTION VIL'!B23,F63) -> KURINJIPADI | G64: =IF('NISD NATHAM TOP 5 REJECTION VIL'!C23="","",'NISD NATHAM TOP 5 REJECTION VIL'!C23) -> Parvathipuram | H64: =IF(ISNUMBER('NISD NATHAM TOP 5 REJECTION VIL'!D23),'NISD NATHAM TOP 5 REJECTION VIL'!D23,"") -> 3 | I64: =IF(ISNUMBER(H64),H64+(1000-20)/100000,-1) -> 3.0098 | K64: =IF('ISD RURAL TOP 5VILLAGES'!B23<>"",'ISD RURAL TOP 5VILLAGES'!B23,K63) -> KURINJIPADI | L64: =IF('ISD RURAL TOP 5VILLAGES'!C23="","",'ISD RURAL TOP 5VILLAGES'!C23) -> VADAKUTHU | M64: =IF(ISNUMBER('ISD RURAL TOP 5VILLAGES'!D23),'ISD RURAL TOP 5VILLAGES'!D23,"") -> 18 | N64: =IF(ISNUMBER(M64),M64+(1000-20)/100000,-1) -> 18.0098 | P64: =IF('ISD NATHAM TOP 5 VILLAGES'!B23<>"",'ISD NATHAM TOP 5 VILLAGES'!B23,P63) -> KURINJIPADI | Q64: =IF('ISD NATHAM TOP 5 VILLAGES'!C23="","",'ISD NATHAM TOP 5 VILLAGES'!C23) -> KORANAPATTU | R64: =IF(ISNUMBER('ISD NATHAM TOP 5 VILLAGES'!D23),'ISD NATHAM TOP 5 VILLAGES'!D23,"") -> 3 | S64: =IF(ISNUMBER(R64),R64+(1000-20)/100000,-1) -> 3.0098 | U64: =CHOOSE(Dashboard!$T$24,A64,F64,K64,P64) -> KURINJIPADI | V64: =CHOOSE(Dashboard!$T$24,B64,G64,L64,Q64) -> VADAKUTHU | W64: =CHOOSE(Dashboard!$T$24,C64,H64,M64,R64) -> 10 | X64: =CHOOSE(Dashboard!$T$24,D64,I64,N64,S64) -> 10.0098
A65: =IF('NISD RURAL TOP 5 REJECTION VILL'!B24<>"",'NISD RURAL TOP 5 REJECTION VILL'!B24,A64) -> KURINJIPADI | B65: =IF('NISD RURAL TOP 5 REJECTION VILL'!C24="","",'NISD RURAL TOP 5 REJECTION VILL'!C24) -> PARVATHIPURAM | C65: =IF(ISNUMBER('NISD RURAL TOP 5 REJECTION VILL'!D24),'NISD RURAL TOP 5 REJECTION VILL'!D24,"") -> 9 | D65: =IF(ISNUMBER(C65),C65+(1000-21)/100000,-1) -> 9.00979 | F65: =IF('NISD NATHAM TOP 5 REJECTION VIL'!B24<>"",'NISD NATHAM TOP 5 REJECTION VIL'!B24,F64) -> KURINJIPADI | G65: =IF('NISD NATHAM TOP 5 REJECTION VIL'!C24="","",'NISD NATHAM TOP 5 REJECTION VIL'!C24) -> Ambalavananpettai | H65: =IF(ISNUMBER('NISD NATHAM TOP 5 REJECTION VIL'!D24),'NISD NATHAM TOP 5 REJECTION VIL'!D24,"") -> 2 | I65: =IF(ISNUMBER(H65),H65+(1000-21)/100000,-1) -> 2.00979 | K65: =IF('ISD RURAL TOP 5VILLAGES'!B24<>"",'ISD RURAL TOP 5VILLAGES'!B24,K64) -> KURINJIPADI | L65: =IF('ISD RURAL TOP 5VILLAGES'!C24="","",'ISD RURAL TOP 5VILLAGES'!C24) -> VAZUTHALAMPATTU | M65: =IF(ISNUMBER('ISD RURAL TOP 5VILLAGES'!D24),'ISD RURAL TOP 5VILLAGES'!D24,"") -> 8 | N65: =IF(ISNUMBER(M65),M65+(1000-21)/100000,-1) -> 8.00979 | P65: =IF('ISD NATHAM TOP 5 VILLAGES'!B24<>"",'ISD NATHAM TOP 5 VILLAGES'!B24,P64) -> KURINJIPADI | Q65: =IF('ISD NATHAM TOP 5 VILLAGES'!C24="","",'ISD NATHAM TOP 5 VILLAGES'!C24) -> VAZHUTHALAMPATTU | R65: =IF(ISNUMBER('ISD NATHAM TOP 5 VILLAGES'!D24),'ISD NATHAM TOP 5 VILLAGES'!D24,"") -> 2 | S65: =IF(ISNUMBER(R65),R65+(1000-21)/100000,-1) -> 2.00979 | U65: =CHOOSE(Dashboard!$T$24,A65,F65,K65,P65) -> KURINJIPADI | V65: =CHOOSE(Dashboard!$T$24,B65,G65,L65,Q65) -> PARVATHIPURAM | W65: =CHOOSE(Dashboard!$T$24,C65,H65,M65,R65) -> 9 | X65: =CHOOSE(Dashboard!$T$24,D65,I65,N65,S65) -> 9.00979
A66: =IF('NISD RURAL TOP 5 REJECTION VILL'!B25<>"",'NISD RURAL TOP 5 REJECTION VILL'!B25,A65) -> KURINJIPADI | B66: =IF('NISD RURAL TOP 5 REJECTION VILL'!C25="","",'NISD RURAL TOP 5 REJECTION VILL'!C25) -> KEEZHUR | C66: =IF(ISNUMBER('NISD RURAL TOP 5 REJECTION VILL'!D25),'NISD RURAL TOP 5 REJECTION VILL'!D25,"") -> 8 | D66: =IF(ISNUMBER(C66),C66+(1000-22)/100000,-1) -> 8.00978 | F66: =IF('NISD NATHAM TOP 5 REJECTION VIL'!B25<>"",'NISD NATHAM TOP 5 REJECTION VIL'!B25,F65) -> KURINJIPADI | G66: =IF('NISD NATHAM TOP 5 REJECTION VIL'!C25="","",'NISD NATHAM TOP 5 REJECTION VIL'!C25) -> Ellapenpettai | H66: =IF(ISNUMBER('NISD NATHAM TOP 5 REJECTION VIL'!D25),'NISD NATHAM TOP 5 REJECTION VIL'!D25,"") -> 2 | I66: =IF(ISNUMBER(H66),H66+(1000-22)/100000,-1) -> 2.00978 | K66: =IF('ISD RURAL TOP 5VILLAGES'!B25<>"",'ISD RURAL TOP 5VILLAGES'!B25,K65) -> KURINJIPADI | L66: =IF('ISD RURAL TOP 5VILLAGES'!C25="","",'ISD RURAL TOP 5VILLAGES'!C25) -> SERAKUPPAM | M66: =IF(ISNUMBER('ISD RURAL TOP 5VILLAGES'!D25),'ISD RURAL TOP 5VILLAGES'!D25,"") -> 7 | N66: =IF(ISNUMBER(M66),M66+(1000-22)/100000,-1) -> 7.00978 | P66: =IF('ISD NATHAM TOP 5 VILLAGES'!B25<>"",'ISD NATHAM TOP 5 VILLAGES'!B25,P65) -> KURINJIPADI | Q66: =IF('ISD NATHAM TOP 5 VILLAGES'!C25="","",'ISD NATHAM TOP 5 VILLAGES'!C25) -> KALKUNAM | R66: =IF(ISNUMBER('ISD NATHAM TOP 5 VILLAGES'!D25),'ISD NATHAM TOP 5 VILLAGES'!D25,"") -> 2 | S66: =IF(ISNUMBER(R66),R66+(1000-22)/100000,-1) -> 2.00978 | U66: =CHOOSE(Dashboard!$T$24,A66,F66,K66,P66) -> KURINJIPADI | V66: =CHOOSE(Dashboard!$T$24,B66,G66,L66,Q66) -> KEEZHUR | W66: =CHOOSE(Dashboard!$T$24,C66,H66,M66,R66) -> 8 | X66: =CHOOSE(Dashboard!$T$24,D66,I66,N66,S66) -> 8.00978
A67: =IF('NISD RURAL TOP 5 REJECTION VILL'!B26<>"",'NISD RURAL TOP 5 REJECTION VILL'!B26,A66) -> KURINJIPADI | B67: =IF('NISD RURAL TOP 5 REJECTION VILL'!C26="","",'NISD RURAL TOP 5 REJECTION VILL'!C26) -> VAZHUTHALAMPATTU | C67: =IF(ISNUMBER('NISD RURAL TOP 5 REJECTION VILL'!D26),'NISD RURAL TOP 5 REJECTION VILL'!D26,"") -> 5 | D67: =IF(ISNUMBER(C67),C67+(1000-23)/100000,-1) -> 5.00977 | F67: =IF('NISD NATHAM TOP 5 REJECTION VIL'!B26<>"",'NISD NATHAM TOP 5 REJECTION VIL'!B26,F66) -> KURINJIPADI | G67: =IF('NISD NATHAM TOP 5 REJECTION VIL'!C26="","",'NISD NATHAM TOP 5 REJECTION VIL'!C26) -> Kundiyamallur North | H67: =IF(ISNUMBER('NISD NATHAM TOP 5 REJECTION VIL'!D26),'NISD NATHAM TOP 5 REJECTION VIL'!D26,"") -> 2 | I67: =IF(ISNUMBER(H67),H67+(1000-23)/100000,-1) -> 2.00977 | K67: =IF('ISD RURAL TOP 5VILLAGES'!B26<>"",'ISD RURAL TOP 5VILLAGES'!B26,K66) -> KURINJIPADI | L67: =IF('ISD RURAL TOP 5VILLAGES'!C26="","",'ISD RURAL TOP 5VILLAGES'!C26) -> PARVATHIPURAM | M67: =IF(ISNUMBER('ISD RURAL TOP 5VILLAGES'!D26),'ISD RURAL TOP 5VILLAGES'!D26,"") -> 6 | N67: =IF(ISNUMBER(M67),M67+(1000-23)/100000,-1) -> 6.00977 | P67: =IF('ISD NATHAM TOP 5 VILLAGES'!B26<>"",'ISD NATHAM TOP 5 VILLAGES'!B26,P66) -> KURINJIPADI | Q67: =IF('ISD NATHAM TOP 5 VILLAGES'!C26="","",'ISD NATHAM TOP 5 VILLAGES'!C26) -> AMBALAVANAPETTAI | R67: =IF(ISNUMBER('ISD NATHAM TOP 5 VILLAGES'!D26),'ISD NATHAM TOP 5 VILLAGES'!D26,"") -> 2 | S67: =IF(ISNUMBER(R67),R67+(1000-23)/100000,-1) -> 2.00977 | U67: =CHOOSE(Dashboard!$T$24,A67,F67,K67,P67) -> KURINJIPADI | V67: =CHOOSE(Dashboard!$T$24,B67,G67,L67,Q67) -> VAZHUTHALAMPATTU | W67: =CHOOSE(Dashboard!$T$24,C67,H67,M67,R67) -> 5 | X67: =CHOOSE(Dashboard!$T$24,D67,I67,N67,S67) -> 5.00977
A68: =IF('NISD RURAL TOP 5 REJECTION VILL'!B27<>"",'NISD RURAL TOP 5 REJECTION VILL'!B27,A67) -> KURINJIPADI | B68: =IF('NISD RURAL TOP 5 REJECTION VILL'!C27="","",'NISD RURAL TOP 5 REJECTION VILL'!C27) -> PEIYAKKANATHAM | C68: =IF(ISNUMBER('NISD RURAL TOP 5 REJECTION VILL'!D27),'NISD RURAL TOP 5 REJECTION VILL'!D27,"") -> 4 | D68: =IF(ISNUMBER(C68),C68+(1000-24)/100000,-1) -> 4.00976 | F68: =IF('NISD NATHAM TOP 5 REJECTION VIL'!B27<>"",'NISD NATHAM TOP 5 REJECTION VIL'!B27,F67) -> KURINJIPADI | G68: =IF('NISD NATHAM TOP 5 REJECTION VIL'!C27="","",'NISD NATHAM TOP 5 REJECTION VIL'!C27) -> AdurAgram | H68: =IF(ISNUMBER('NISD NATHAM TOP 5 REJECTION VIL'!D27),'NISD NATHAM TOP 5 REJECTION VIL'!D27,"") -> 2 | I68: =IF(ISNUMBER(H68),H68+(1000-24)/100000,-1) -> 2.00976 | K68: =IF('ISD RURAL TOP 5VILLAGES'!B27<>"",'ISD RURAL TOP 5VILLAGES'!B27,K67) -> KURINJIPADI | L68: =IF('ISD RURAL TOP 5VILLAGES'!C27="","",'ISD RURAL TOP 5VILLAGES'!C27) -> KANNADY | M68: =IF(ISNUMBER('ISD RURAL TOP 5VILLAGES'!D27),'ISD RURAL TOP 5VILLAGES'!D27,"") -> 6 | N68: =IF(ISNUMBER(M68),M68+(1000-24)/100000,-1) -> 6.00976 | P68: =IF('ISD NATHAM TOP 5 VILLAGES'!B27<>"",'ISD NATHAM TOP 5 VILLAGES'!B27,P67) -> KURINJIPADI | Q68: =IF('ISD NATHAM TOP 5 VILLAGES'!C27="","",'ISD NATHAM TOP 5 VILLAGES'!C27) -> KEEZHUR | R68: =IF(ISNUMBER('ISD NATHAM TOP 5 VILLAGES'!D27),'ISD NATHAM TOP 5 VILLAGES'!D27,"") -> 2 | S68: =IF(ISNUMBER(R68),R68+(1000-24)/100000,-1) -> 2.00976 | U68: =CHOOSE(Dashboard!$T$24,A68,F68,K68,P68) -> KURINJIPADI | V68: =CHOOSE(Dashboard!$T$24,B68,G68,L68,Q68) -> PEIYAKKANATHAM | W68: =CHOOSE(Dashboard!$T$24,C68,H68,M68,R68) -> 4 | X68: =CHOOSE(Dashboard!$T$24,D68,I68,N68,S68) -> 4.00976
A69: =IF('NISD RURAL TOP 5 REJECTION VILL'!F3<>"",'NISD RURAL TOP 5 REJECTION VILL'!F3,"") -> VRIDHACHALAM | B69: =IF('NISD RURAL TOP 5 REJECTION VILL'!G3="","",'NISD RURAL TOP 5 REJECTION VILL'!G3) -> ERUMANR | C69: =IF(ISNUMBER('NISD RURAL TOP 5 REJECTION VILL'!H3),'NISD RURAL TOP 5 REJECTION VILL'!H3,"") -> 6 | D69: =IF(ISNUMBER(C69),C69+(1000-25)/100000,-1) -> 6.00975 | F69: =IF('NISD NATHAM TOP 5 REJECTION VIL'!F3<>"",'NISD NATHAM TOP 5 REJECTION VIL'!F3,"") -> VRIDHACHALAM | G69: =IF('NISD NATHAM TOP 5 REJECTION VIL'!G3="","",'NISD NATHAM TOP 5 REJECTION VIL'!G3) -> Puliyur | H69: =IF(ISNUMBER('NISD NATHAM TOP 5 REJECTION VIL'!H3),'NISD NATHAM TOP 5 REJECTION VIL'!H3,"") -> 4 | I69: =IF(ISNUMBER(H69),H69+(1000-25)/100000,-1) -> 4.00975 | K69: =IF('ISD RURAL TOP 5VILLAGES'!F3<>"",'ISD RURAL TOP 5VILLAGES'!F3,"") -> VRIDHACHALAM | L69: =IF('ISD RURAL TOP 5VILLAGES'!G3="","",'ISD RURAL TOP 5VILLAGES'!G3) -> KAMMAPURAM | M69: =IF(ISNUMBER('ISD RURAL TOP 5VILLAGES'!H3),'ISD RURAL TOP 5VILLAGES'!H3,"") -> 6 | N69: =IF(ISNUMBER(M69),M69+(1000-25)/100000,-1) -> 6.00975 | P69: =IF('ISD NATHAM TOP 5 VILLAGES'!F3<>"",'ISD NATHAM TOP 5 VILLAGES'!F3,"") -> VRIDHACHALAM | Q69: =IF('ISD NATHAM TOP 5 VILLAGES'!G3="","",'ISD NATHAM TOP 5 VILLAGES'!G3) -> UTHANGAL | R69: =IF(ISNUMBER('ISD NATHAM TOP 5 VILLAGES'!H3),'ISD NATHAM TOP 5 VILLAGES'!H3,"") -> 4 | S69: =IF(ISNUMBER(R69),R69+(1000-25)/100000,-1) -> 4.00975 | U69: =CHOOSE(Dashboard!$T$24,A69,F69,K69,P69) -> VRIDHACHALAM | V69: =CHOOSE(Dashboard!$T$24,B69,G69,L69,Q69) -> ERUMANR | W69: =CHOOSE(Dashboard!$T$24,C69,H69,M69,R69) -> 6 | X69: =CHOOSE(Dashboard!$T$24,D69,I69,N69,S69) -> 6.00975
A70: =IF('NISD RURAL TOP 5 REJECTION VILL'!F4<>"",'NISD RURAL TOP 5 REJECTION VILL'!F4,A69) -> VRIDHACHALAM | B70: =IF('NISD RURAL TOP 5 REJECTION VILL'!G4="","",'NISD RURAL TOP 5 REJECTION VILL'!G4) -> MUTHANAI | C70: =IF(ISNUMBER('NISD RURAL TOP 5 REJECTION VILL'!H4),'NISD RURAL TOP 5 REJECTION VILL'!H4,"") -> 6 | D70: =IF(ISNUMBER(C70),C70+(1000-26)/100000,-1) -> 6.00974 | F70: =IF('NISD NATHAM TOP 5 REJECTION VIL'!F4<>"",'NISD NATHAM TOP 5 REJECTION VIL'!F4,F69) -> VRIDHACHALAM | G70: =IF('NISD NATHAM TOP 5 REJECTION VIL'!G4="","",'NISD NATHAM TOP 5 REJECTION VIL'!G4) -> Karuveppilankurichi | H70: =IF(ISNUMBER('NISD NATHAM TOP 5 REJECTION VIL'!H4),'NISD NATHAM TOP 5 REJECTION VIL'!H4,"") -> 3 | I70: =IF(ISNUMBER(H70),H70+(1000-26)/100000,-1) -> 3.00974 | K70: =IF('ISD RURAL TOP 5VILLAGES'!F4<>"",'ISD RURAL TOP 5VILLAGES'!F4,K69) -> VRIDHACHALAM | L70: =IF('ISD RURAL TOP 5VILLAGES'!G4="","",'ISD RURAL TOP 5VILLAGES'!G4) -> KARKUDAL | M70: =IF(ISNUMBER('ISD RURAL TOP 5VILLAGES'!H4),'ISD RURAL TOP 5VILLAGES'!H4,"") -> 4 | N70: =IF(ISNUMBER(M70),M70+(1000-26)/100000,-1) -> 4.00974 | P70: =IF('ISD NATHAM TOP 5 VILLAGES'!F4<>"",'ISD NATHAM TOP 5 VILLAGES'!F4,P69) -> VRIDHACHALAM | Q70: =IF('ISD NATHAM TOP 5 VILLAGES'!G4="","",'ISD NATHAM TOP 5 VILLAGES'!G4) -> MANGALAM KO | R70: =IF(ISNUMBER('ISD NATHAM TOP 5 VILLAGES'!H4),'ISD NATHAM TOP 5 VILLAGES'!H4,"") -> 3 | S70: =IF(ISNUMBER(R70),R70+(1000-26)/100000,-1) -> 3.00974 | U70: =CHOOSE(Dashboard!$T$24,A70,F70,K70,P70) -> VRIDHACHALAM | V70: =CHOOSE(Dashboard!$T$24,B70,G70,L70,Q70) -> MUTHANAI | W70: =CHOOSE(Dashboard!$T$24,C70,H70,M70,R70) -> 6 | X70: =CHOOSE(Dashboard!$T$24,D70,I70,N70,S70) -> 6.00974
A71: =IF('NISD RURAL TOP 5 REJECTION VILL'!F5<>"",'NISD RURAL TOP 5 REJECTION VILL'!F5,A70) -> VRIDHACHALAM | B71: =IF('NISD RURAL TOP 5 REJECTION VILL'!G5="","",'NISD RURAL TOP 5 REJECTION VILL'!G5) -> PERIYAVADAVADI | C71: =IF(ISNUMBER('NISD RURAL TOP 5 REJECTION VILL'!H5),'NISD RURAL TOP 5 REJECTION VILL'!H5,"") -> 5 | D71: =IF(ISNUMBER(C71),C71+(1000-27)/100000,-1) -> 5.00973 | F71: =IF('NISD NATHAM TOP 5 REJECTION VIL'!F5<>"",'NISD NATHAM TOP 5 REJECTION VIL'!F5,F70) -> VRIDHACHALAM | G71: =IF('NISD NATHAM TOP 5 REJECTION VIL'!G5="","",'NISD NATHAM TOP 5 REJECTION VIL'!G5) -> Komangalam | H71: =IF(ISNUMBER('NISD NATHAM TOP 5 REJECTION VIL'!H5),'NISD NATHAM TOP 5 REJECTION VIL'!H5,"") -> 3 | I71: =IF(ISNUMBER(H71),H71+(1000-27)/100000,-1) -> 3.00973 | K71: =IF('ISD RURAL TOP 5VILLAGES'!F5<>"",'ISD RURAL TOP 5VILLAGES'!F5,K70) -> VRIDHACHALAM | L71: =IF('ISD RURAL TOP 5VILLAGES'!G5="","",'ISD RURAL TOP 5VILLAGES'!G5) -> EDAIYUR | M71: =IF(ISNUMBER('ISD RURAL TOP 5VILLAGES'!H5),'ISD RURAL TOP 5VILLAGES'!H5,"") -> 4 | N71: =IF(ISNUMBER(M71),M71+(1000-27)/100000,-1) -> 4.00973 | P71: =IF('ISD NATHAM TOP 5 VILLAGES'!F5<>"",'ISD NATHAM TOP 5 VILLAGES'!F5,P70) -> VRIDHACHALAM | Q71: =IF('ISD NATHAM TOP 5 VILLAGES'!G5="","",'ISD NATHAM TOP 5 VILLAGES'!G5) -> M.PARUR | R71: =IF(ISNUMBER('ISD NATHAM TOP 5 VILLAGES'!H5),'ISD NATHAM TOP 5 VILLAGES'!H5,"") -> 3 | S71: =IF(ISNUMBER(R71),R71+(1000-27)/100000,-1) -> 3.00973 | U71: =CHOOSE(Dashboard!$T$24,A71,F71,K71,P71) -> VRIDHACHALAM | V71: =CHOOSE(Dashboard!$T$24,B71,G71,L71,Q71) -> PERIYAVADAVADI | W71: =CHOOSE(Dashboard!$T$24,C71,H71,M71,R71) -> 5 | X71: =CHOOSE(Dashboard!$T$24,D71,I71,N71,S71) -> 5.00973
A72: =IF('NISD RURAL TOP 5 REJECTION VILL'!F6<>"",'NISD RURAL TOP 5 REJECTION VILL'!F6,A71) -> VRIDHACHALAM | B72: =IF('NISD RURAL TOP 5 REJECTION VILL'!G6="","",'NISD RURAL TOP 5 REJECTION VILL'!G6) -> AMMERI | C72: =IF(ISNUMBER('NISD RURAL TOP 5 REJECTION VILL'!H6),'NISD RURAL TOP 5 REJECTION VILL'!H6,"") -> 4 | D72: =IF(ISNUMBER(C72),C72+(1000-28)/100000,-1) -> 4.00972 | F72: =IF('NISD NATHAM TOP 5 REJECTION VIL'!F6<>"",'NISD NATHAM TOP 5 REJECTION VIL'!F6,F71) -> VRIDHACHALAM | G72: =IF('NISD NATHAM TOP 5 REJECTION VIL'!G6="","",'NISD NATHAM TOP 5 REJECTION VIL'!G6) -> Kottumunai | H72: =IF(ISNUMBER('NISD NATHAM TOP 5 REJECTION VIL'!H6),'NISD NATHAM TOP 5 REJECTION VIL'!H6,"") -> 3 | I72: =IF(ISNUMBER(H72),H72+(1000-28)/100000,-1) -> 3.00972 | K72: =IF('ISD RURAL TOP 5VILLAGES'!F6<>"",'ISD RURAL TOP 5VILLAGES'!F6,K71) -> VRIDHACHALAM | L72: =IF('ISD RURAL TOP 5VILLAGES'!G6="","",'ISD RURAL TOP 5VILLAGES'!G6) -> CHINNAPARUR | M72: =IF(ISNUMBER('ISD RURAL TOP 5VILLAGES'!H6),'ISD RURAL TOP 5VILLAGES'!H6,"") -> 3 | N72: =IF(ISNUMBER(M72),M72+(1000-28)/100000,-1) -> 3.00972 | P72: =IF('ISD NATHAM TOP 5 VILLAGES'!F6<>"",'ISD NATHAM TOP 5 VILLAGES'!F6,P71) -> VRIDHACHALAM | Q72: =IF('ISD NATHAM TOP 5 VILLAGES'!G6="","",'ISD NATHAM TOP 5 VILLAGES'!G6) -> KARKUDAL | R72: =IF(ISNUMBER('ISD NATHAM TOP 5 VILLAGES'!H6),'ISD NATHAM TOP 5 VILLAGES'!H6,"") -> 1 | S72: =IF(ISNUMBER(R72),R72+(1000-28)/100000,-1) -> 1.00972 | U72: =CHOOSE(Dashboard!$T$24,A72,F72,K72,P72) -> VRIDHACHALAM | V72: =CHOOSE(Dashboard!$T$24,B72,G72,L72,Q72) -> AMMERI | W72: =CHOOSE(Dashboard!$T$24,C72,H72,M72,R72) -> 4 | X72: =CHOOSE(Dashboard!$T$24,D72,I72,N72,S72) -> 4.00972
A73: =IF('NISD RURAL TOP 5 REJECTION VILL'!F7<>"",'NISD RURAL TOP 5 REJECTION VILL'!F7,A72) -> VRIDHACHALAM | B73: =IF('NISD RURAL TOP 5 REJECTION VILL'!G7="","",'NISD RURAL TOP 5 REJECTION VILL'!G7) -> ARASAKUZHI | C73: =IF(ISNUMBER('NISD RURAL TOP 5 REJECTION VILL'!H7),'NISD RURAL TOP 5 REJECTION VILL'!H7,"") -> 4 | D73: =IF(ISNUMBER(C73),C73+(1000-29)/100000,-1) -> 4.00971 | F73: =IF('NISD NATHAM TOP 5 REJECTION VIL'!F7<>"",'NISD NATHAM TOP 5 REJECTION VIL'!F7,F72) -> VRIDHACHALAM | G73: =IF('NISD NATHAM TOP 5 REJECTION VIL'!G7="","",'NISD NATHAM TOP 5 REJECTION VIL'!G7) -> Mangalam Ko | H73: =IF(ISNUMBER('NISD NATHAM TOP 5 REJECTION VIL'!H7),'NISD NATHAM TOP 5 REJECTION VIL'!H7,"") -> 3 | I73: =IF(ISNUMBER(H73),H73+(1000-29)/100000,-1) -> 3.00971 | K73: =IF('ISD RURAL TOP 5VILLAGES'!F7<>"",'ISD RURAL TOP 5VILLAGES'!F7,K72) -> VRIDHACHALAM | L73: =IF('ISD RURAL TOP 5VILLAGES'!G7="","",'ISD RURAL TOP 5VILLAGES'!G7) -> M.AGARAM | M73: =IF(ISNUMBER('ISD RURAL TOP 5VILLAGES'!H7),'ISD RURAL TOP 5VILLAGES'!H7,"") -> 3 | N73: =IF(ISNUMBER(M73),M73+(1000-29)/100000,-1) -> 3.00971 | P73: =IF('ISD NATHAM TOP 5 VILLAGES'!F7<>"",'ISD NATHAM TOP 5 VILLAGES'!F7,P72) -> VRIDHACHALAM | Q73: =IF('ISD NATHAM TOP 5 VILLAGES'!G7="","",'ISD NATHAM TOP 5 VILLAGES'!G7) -> KOVILANUR | R73: =IF(ISNUMBER('ISD NATHAM TOP 5 VILLAGES'!H7),'ISD NATHAM TOP 5 VILLAGES'!H7,"") -> 1 | S73: =IF(ISNUMBER(R73),R73+(1000-29)/100000,-1) -> 1.00971 | U73: =CHOOSE(Dashboard!$T$24,A73,F73,K73,P73) -> VRIDHACHALAM | V73: =CHOOSE(Dashboard!$T$24,B73,G73,L73,Q73) -> ARASAKUZHI | W73: =CHOOSE(Dashboard!$T$24,C73,H73,M73,R73) -> 4 | X73: =CHOOSE(Dashboard!$T$24,D73,I73,N73,S73) -> 4.00971
A74: =IF('NISD RURAL TOP 5 REJECTION VILL'!F8<>"",'NISD RURAL TOP 5 REJECTION VILL'!F8,A73) -> VEPPUR | B74: =IF('NISD RURAL TOP 5 REJECTION VILL'!G8="","",'NISD RURAL TOP 5 REJECTION VILL'!G8) -> IVATHUKUDI | C74: =IF(ISNUMBER('NISD RURAL TOP 5 REJECTION VILL'!H8),'NISD RURAL TOP 5 REJECTION VILL'!H8,"") -> 5 | D74: =IF(ISNUMBER(C74),C74+(1000-30)/100000,-1) -> 5.0097 | F74: =IF('NISD NATHAM TOP 5 REJECTION VIL'!F8<>"",'NISD NATHAM TOP 5 REJECTION VIL'!F8,F73) -> VEPPUR | G74: =IF('NISD NATHAM TOP 5 REJECTION VIL'!G8="","",'NISD NATHAM TOP 5 REJECTION VIL'!G8) -> Ja.Endhal | H74: =IF(ISNUMBER('NISD NATHAM TOP 5 REJECTION VIL'!H8),'NISD NATHAM TOP 5 REJECTION VIL'!H8,"") -> 4 | I74: =IF(ISNUMBER(H74),H74+(1000-30)/100000,-1) -> 4.0097 | K74: =IF('ISD RURAL TOP 5VILLAGES'!F8<>"",'ISD RURAL TOP 5VILLAGES'!F8,K73) -> VEPPUR | L74: =IF('ISD RURAL TOP 5VILLAGES'!G8="","",'ISD RURAL TOP 5VILLAGES'!G8) -> NAGAR | M74: =IF(ISNUMBER('ISD RURAL TOP 5VILLAGES'!H8),'ISD RURAL TOP 5VILLAGES'!H8,"") -> 5 | N74: =IF(ISNUMBER(M74),M74+(1000-30)/100000,-1) -> 5.0097 | P74: =IF('ISD NATHAM TOP 5 VILLAGES'!F8<>"",'ISD NATHAM TOP 5 VILLAGES'!F8,P73) -> VEPPUR | Q74: =IF('ISD NATHAM TOP 5 VILLAGES'!G8="","",'ISD NATHAM TOP 5 VILLAGES'!G8) -> ILANGIYANUR | R74: =IF(ISNUMBER('ISD NATHAM TOP 5 VILLAGES'!H8),'ISD NATHAM TOP 5 VILLAGES'!H8,"") -> 6 | S74: =IF(ISNUMBER(R74),R74+(1000-30)/100000,-1) -> 6.0097 | U74: =CHOOSE(Dashboard!$T$24,A74,F74,K74,P74) -> VEPPUR | V74: =CHOOSE(Dashboard!$T$24,B74,G74,L74,Q74) -> IVATHUKUDI | W74: =CHOOSE(Dashboard!$T$24,C74,H74,M74,R74) -> 5 | X74: =CHOOSE(Dashboard!$T$24,D74,I74,N74,S74) -> 5.0097
A75: =IF('NISD RURAL TOP 5 REJECTION VILL'!F9<>"",'NISD RURAL TOP 5 REJECTION VILL'!F9,A74) -> VEPPUR | B75: =IF('NISD RURAL TOP 5 REJECTION VILL'!G9="","",'NISD RURAL TOP 5 REJECTION VILL'!G9) -> JA.ENDHAL | C75: =IF(ISNUMBER('NISD RURAL TOP 5 REJECTION VILL'!H9),'NISD RURAL TOP 5 REJECTION VILL'!H9,"") -> 4 | D75: =IF(ISNUMBER(C75),C75+(1000-31)/100000,-1) -> 4.00969 | F75: =IF('NISD NATHAM TOP 5 REJECTION VIL'!F9<>"",'NISD NATHAM TOP 5 REJECTION VIL'!F9,F74) -> VEPPUR | G75: =IF('NISD NATHAM TOP 5 REJECTION VIL'!G9="","",'NISD NATHAM TOP 5 REJECTION VIL'!G9) -> Sirupakkam | H75: =IF(ISNUMBER('NISD NATHAM TOP 5 REJECTION VIL'!H9),'NISD NATHAM TOP 5 REJECTION VIL'!H9,"") -> 4 | I75: =IF(ISNUMBER(H75),H75+(1000-31)/100000,-1) -> 4.00969 | K75: =IF('ISD RURAL TOP 5VILLAGES'!F9<>"",'ISD RURAL TOP 5VILLAGES'!F9,K74) -> VEPPUR | L75: =IF('ISD RURAL TOP 5VILLAGES'!G9="","",'ISD RURAL TOP 5VILLAGES'!G9) -> SEPPAKKAM | M75: =IF(ISNUMBER('ISD RURAL TOP 5VILLAGES'!H9),'ISD RURAL TOP 5VILLAGES'!H9,"") -> 4 | N75: =IF(ISNUMBER(M75),M75+(1000-31)/100000,-1) -> 4.00969 | P75: =IF('ISD NATHAM TOP 5 VILLAGES'!F9<>"",'ISD NATHAM TOP 5 VILLAGES'!F9,P74) -> VEPPUR | Q75: =IF('ISD NATHAM TOP 5 VILLAGES'!G9="","",'ISD NATHAM TOP 5 VILLAGES'!G9) -> KATTUMAYILUR | R75: =IF(ISNUMBER('ISD NATHAM TOP 5 VILLAGES'!H9),'ISD NATHAM TOP 5 VILLAGES'!H9,"") -> 2 | S75: =IF(ISNUMBER(R75),R75+(1000-31)/100000,-1) -> 2.00969 | U75: =CHOOSE(Dashboard!$T$24,A75,F75,K75,P75) -> VEPPUR | V75: =CHOOSE(Dashboard!$T$24,B75,G75,L75,Q75) -> JA.ENDHAL | W75: =CHOOSE(Dashboard!$T$24,C75,H75,M75,R75) -> 4 | X75: =CHOOSE(Dashboard!$T$24,D75,I75,N75,S75) -> 4.00969
A76: =IF('NISD RURAL TOP 5 REJECTION VILL'!F10<>"",'NISD RURAL TOP 5 REJECTION VILL'!F10,A75) -> VEPPUR | B76: =IF('NISD RURAL TOP 5 REJECTION VILL'!G10="","",'NISD RURAL TOP 5 REJECTION VILL'!G10) -> K.KOTHANUR | C76: =IF(ISNUMBER('NISD RURAL TOP 5 REJECTION VILL'!H10),'NISD RURAL TOP 5 REJECTION VILL'!H10,"") -> 4 | D76: =IF(ISNUMBER(C76),C76+(1000-32)/100000,-1) -> 4.00968 | F76: =IF('NISD NATHAM TOP 5 REJECTION VIL'!F10<>"",'NISD NATHAM TOP 5 REJECTION VIL'!F10,F75) -> VEPPUR | G76: =IF('NISD NATHAM TOP 5 REJECTION VIL'!G10="","",'NISD NATHAM TOP 5 REJECTION VIL'!G10) -> Sirunesalur | H76: =IF(ISNUMBER('NISD NATHAM TOP 5 REJECTION VIL'!H10),'NISD NATHAM TOP 5 REJECTION VIL'!H10,"") -> 4 | I76: =IF(ISNUMBER(H76),H76+(1000-32)/100000,-1) -> 4.00968 | K76: =IF('ISD RURAL TOP 5VILLAGES'!F10<>"",'ISD RURAL TOP 5VILLAGES'!F10,K75) -> VEPPUR | L76: =IF('ISD RURAL TOP 5VILLAGES'!G10="","",'ISD RURAL TOP 5VILLAGES'!G10) -> SIRUNASALUR | M76: =IF(ISNUMBER('ISD RURAL TOP 5VILLAGES'!H10),'ISD RURAL TOP 5VILLAGES'!H10,"") -> 4 | N76: =IF(ISNUMBER(M76),M76+(1000-32)/100000,-1) -> 4.00968 | P76: =IF('ISD NATHAM TOP 5 VILLAGES'!F10<>"",'ISD NATHAM TOP 5 VILLAGES'!F10,P75) -> VEPPUR | Q76: =IF('ISD NATHAM TOP 5 VILLAGES'!G10="","",'ISD NATHAM TOP 5 VILLAGES'!G10) -> NAGAR | R76: =IF(ISNUMBER('ISD NATHAM TOP 5 VILLAGES'!H10),'ISD NATHAM TOP 5 VILLAGES'!H10,"") -> 2 | S76: =IF(ISNUMBER(R76),R76+(1000-32)/100000,-1) -> 2.00968 | U76: =CHOOSE(Dashboard!$T$24,A76,F76,K76,P76) -> VEPPUR | V76: =CHOOSE(Dashboard!$T$24,B76,G76,L76,Q76) -> K.KOTHANUR | W76: =CHOOSE(Dashboard!$T$24,C76,H76,M76,R76) -> 4 | X76: =CHOOSE(Dashboard!$T$24,D76,I76,N76,S76) -> 4.00968
A77: =IF('NISD RURAL TOP 5 REJECTION VILL'!F11<>"",'NISD RURAL TOP 5 REJECTION VILL'!F11,A76) -> VEPPUR | B77: =IF('NISD RURAL TOP 5 REJECTION VILL'!G11="","",'NISD RURAL TOP 5 REJECTION VILL'!G11) -> THIRUPAYAR | C77: =IF(ISNUMBER('NISD RURAL TOP 5 REJECTION VILL'!H11),'NISD RURAL TOP 5 REJECTION VILL'!H11,"") -> 4 | D77: =IF(ISNUMBER(C77),C77+(1000-33)/100000,-1) -> 4.00967 | F77: =IF('NISD NATHAM TOP 5 REJECTION VIL'!F11<>"",'NISD NATHAM TOP 5 REJECTION VIL'!F11,F76) -> VEPPUR | G77: =IF('NISD NATHAM TOP 5 REJECTION VIL'!G11="","",'NISD NATHAM TOP 5 REJECTION VIL'!G11) -> Mangalur | H77: =IF(ISNUMBER('NISD NATHAM TOP 5 REJECTION VIL'!H11),'NISD NATHAM TOP 5 REJECTION VIL'!H11,"") -> 2 | I77: =IF(ISNUMBER(H77),H77+(1000-33)/100000,-1) -> 2.00967 | K77: =IF('ISD RURAL TOP 5VILLAGES'!F11<>"",'ISD RURAL TOP 5VILLAGES'!F11,K76) -> VEPPUR | L77: =IF('ISD RURAL TOP 5VILLAGES'!G11="","",'ISD RURAL TOP 5VILLAGES'!G11) -> PODAIYUR | M77: =IF(ISNUMBER('ISD RURAL TOP 5VILLAGES'!H11),'ISD RURAL TOP 5VILLAGES'!H11,"") -> 3 | N77: =IF(ISNUMBER(M77),M77+(1000-33)/100000,-1) -> 3.00967 | P77: =IF('ISD NATHAM TOP 5 VILLAGES'!F11<>"",'ISD NATHAM TOP 5 VILLAGES'!F11,P76) -> VEPPUR | Q77: =IF('ISD NATHAM TOP 5 VILLAGES'!G11="","",'ISD NATHAM TOP 5 VILLAGES'!G11) -> ATHIYUR | R77: =IF(ISNUMBER('ISD NATHAM TOP 5 VILLAGES'!H11),'ISD NATHAM TOP 5 VILLAGES'!H11,"") -> 2 | S77: =IF(ISNUMBER(R77),R77+(1000-33)/100000,-1) -> 2.00967 | U77: =CHOOSE(Dashboard!$T$24,A77,F77,K77,P77) -> VEPPUR | V77: =CHOOSE(Dashboard!$T$24,B77,G77,L77,Q77) -> THIRUPAYAR | W77: =CHOOSE(Dashboard!$T$24,C77,H77,M77,R77) -> 4 | X77: =CHOOSE(Dashboard!$T$24,D77,I77,N77,S77) -> 4.00967
A78: =IF('NISD RURAL TOP 5 REJECTION VILL'!F12<>"",'NISD RURAL TOP 5 REJECTION VILL'!F12,A77) -> VEPPUR | B78: =IF('NISD RURAL TOP 5 REJECTION VILL'!G12="","",'NISD RURAL TOP 5 REJECTION VILL'!G12) -> ORANGUR | C78: =IF(ISNUMBER('NISD RURAL TOP 5 REJECTION VILL'!H12),'NISD RURAL TOP 5 REJECTION VILL'!H12,"") -> 3 | D78: =IF(ISNUMBER(C78),C78+(1000-34)/100000,-1) -> 3.00966 | F78: =IF('NISD NATHAM TOP 5 REJECTION VIL'!F12<>"",'NISD NATHAM TOP 5 REJECTION VIL'!F12,F77) -> VEPPUR | G78: =IF('NISD NATHAM TOP 5 REJECTION VIL'!G12="","",'NISD NATHAM TOP 5 REJECTION VIL'!G12) -> Nagar | H78: =IF(ISNUMBER('NISD NATHAM TOP 5 REJECTION VIL'!H12),'NISD NATHAM TOP 5 REJECTION VIL'!H12,"") -> 2 | I78: =IF(ISNUMBER(H78),H78+(1000-34)/100000,-1) -> 2.00966 | K78: =IF('ISD RURAL TOP 5VILLAGES'!F12<>"",'ISD RURAL TOP 5VILLAGES'!F12,K77) -> VEPPUR | L78: =IF('ISD RURAL TOP 5VILLAGES'!G12="","",'ISD RURAL TOP 5VILLAGES'!G12) -> IVADHUKUDI | M78: =IF(ISNUMBER('ISD RURAL TOP 5VILLAGES'!H12),'ISD RURAL TOP 5VILLAGES'!H12,"") -> 3 | N78: =IF(ISNUMBER(M78),M78+(1000-34)/100000,-1) -> 3.00966 | P78: =IF('ISD NATHAM TOP 5 VILLAGES'!F12<>"",'ISD NATHAM TOP 5 VILLAGES'!F12,P77) -> VEPPUR | Q78: =IF('ISD NATHAM TOP 5 VILLAGES'!G12="","",'ISD NATHAM TOP 5 VILLAGES'!G12) -> ORANGUR | R78: =IF(ISNUMBER('ISD NATHAM TOP 5 VILLAGES'!H12),'ISD NATHAM TOP 5 VILLAGES'!H12,"") -> 1 | S78: =IF(ISNUMBER(R78),R78+(1000-34)/100000,-1) -> 1.00966 | U78: =CHOOSE(Dashboard!$T$24,A78,F78,K78,P78) -> VEPPUR | V78: =CHOOSE(Dashboard!$T$24,B78,G78,L78,Q78) -> ORANGUR | W78: =CHOOSE(Dashboard!$T$24,C78,H78,M78,R78) -> 3 | X78: =CHOOSE(Dashboard!$T$24,D78,I78,N78,S78) -> 3.00966
A79: =IF('NISD RURAL TOP 5 REJECTION VILL'!F13<>"",'NISD RURAL TOP 5 REJECTION VILL'!F13,A78) -> TITAKUDI | B79: =IF('NISD RURAL TOP 5 REJECTION VILL'!G13="","",'NISD RURAL TOP 5 REJECTION VILL'!G13) -> PENNADAM | C79: =IF(ISNUMBER('NISD RURAL TOP 5 REJECTION VILL'!H13),'NISD RURAL TOP 5 REJECTION VILL'!H13,"") -> 6 | D79: =IF(ISNUMBER(C79),C79+(1000-35)/100000,-1) -> 6.00965 | F79: =IF('NISD NATHAM TOP 5 REJECTION VIL'!F13<>"",'NISD NATHAM TOP 5 REJECTION VIL'!F13,F78) -> TITAKUDI | G79: =IF('NISD NATHAM TOP 5 REJECTION VIL'!G13="","",'NISD NATHAM TOP 5 REJECTION VIL'!G13) -> Venkarumbur | H79: =IF(ISNUMBER('NISD NATHAM TOP 5 REJECTION VIL'!H13),'NISD NATHAM TOP 5 REJECTION VIL'!H13,"") -> 3 | I79: =IF(ISNUMBER(H79),H79+(1000-35)/100000,-1) -> 3.00965 | K79: =IF('ISD RURAL TOP 5VILLAGES'!F13<>"",'ISD RURAL TOP 5VILLAGES'!F13,K78) -> TITAKUDI | L79: =IF('ISD RURAL TOP 5VILLAGES'!G13="","",'ISD RURAL TOP 5VILLAGES'!G13) -> THOZHUTUR | M79: =IF(ISNUMBER('ISD RURAL TOP 5VILLAGES'!H13),'ISD RURAL TOP 5VILLAGES'!H13,"") -> 5 | N79: =IF(ISNUMBER(M79),M79+(1000-35)/100000,-1) -> 5.00965 | P79: =IF('ISD NATHAM TOP 5 VILLAGES'!F13<>"",'ISD NATHAM TOP 5 VILLAGES'!F13,P78) -> TITAKUDI | Q79: =IF('ISD NATHAM TOP 5 VILLAGES'!G13="","",'ISD NATHAM TOP 5 VILLAGES'!G13) -> ELAMANGALAM | R79: =IF(ISNUMBER('ISD NATHAM TOP 5 VILLAGES'!H13),'ISD NATHAM TOP 5 VILLAGES'!H13,"") -> 2 | S79: =IF(ISNUMBER(R79),R79+(1000-35)/100000,-1) -> 2.00965 | U79: =CHOOSE(Dashboard!$T$24,A79,F79,K79,P79) -> TITAKUDI | V79: =CHOOSE(Dashboard!$T$24,B79,G79,L79,Q79) -> PENNADAM | W79: =CHOOSE(Dashboard!$T$24,C79,H79,M79,R79) -> 6 | X79: =CHOOSE(Dashboard!$T$24,D79,I79,N79,S79) -> 6.00965
A80: =IF('NISD RURAL TOP 5 REJECTION VILL'!F14<>"",'NISD RURAL TOP 5 REJECTION VILL'!F14,A79) -> TITAKUDI | B80: =IF('NISD RURAL TOP 5 REJECTION VILL'!G14="","",'NISD RURAL TOP 5 REJECTION VILL'!G14) -> ERAIYUR | C80: =IF(ISNUMBER('NISD RURAL TOP 5 REJECTION VILL'!H14),'NISD RURAL TOP 5 REJECTION VILL'!H14,"") -> 5 | D80: =IF(ISNUMBER(C80),C80+(1000-36)/100000,-1) -> 5.00964 | F80: =IF('NISD NATHAM TOP 5 REJECTION VIL'!F14<>"",'NISD NATHAM TOP 5 REJECTION VIL'!F14,F79) -> TITAKUDI | G80: =IF('NISD NATHAM TOP 5 REJECTION VIL'!G14="","",'NISD NATHAM TOP 5 REJECTION VIL'!G14) -> Leckur | H80: =IF(ISNUMBER('NISD NATHAM TOP 5 REJECTION VIL'!H14),'NISD NATHAM TOP 5 REJECTION VIL'!H14,"") -> 2 | I80: =IF(ISNUMBER(H80),H80+(1000-36)/100000,-1) -> 2.00964 | K80: =IF('ISD RURAL TOP 5VILLAGES'!F14<>"",'ISD RURAL TOP 5VILLAGES'!F14,K79) -> TITAKUDI | L80: =IF('ISD RURAL TOP 5VILLAGES'!G14="","",'ISD RURAL TOP 5VILLAGES'!G14) -> MALIGAIKOTTAM | M80: =IF(ISNUMBER('ISD RURAL TOP 5VILLAGES'!H14),'ISD RURAL TOP 5VILLAGES'!H14,"") -> 3 | N80: =IF(ISNUMBER(M80),M80+(1000-36)/100000,-1) -> 3.00964 | P80: =IF('ISD NATHAM TOP 5 VILLAGES'!F14<>"",'ISD NATHAM TOP 5 VILLAGES'!F14,P79) -> TITAKUDI | Q80: =IF('ISD NATHAM TOP 5 VILLAGES'!G14="","",'ISD NATHAM TOP 5 VILLAGES'!G14) -> THOZHUTUR | R80: =IF(ISNUMBER('ISD NATHAM TOP 5 VILLAGES'!H14),'ISD NATHAM TOP 5 VILLAGES'!H14,"") -> 2 | S80: =IF(ISNUMBER(R80),R80+(1000-36)/100000,-1) -> 2.00964 | U80: =CHOOSE(Dashboard!$T$24,A80,F80,K80,P80) -> TITAKUDI | V80: =CHOOSE(Dashboard!$T$24,B80,G80,L80,Q80) -> ERAIYUR | W80: =CHOOSE(Dashboard!$T$24,C80,H80,M80,R80) -> 5 | X80: =CHOOSE(Dashboard!$T$24,D80,I80,N80,S80) -> 5.00964
